1024,조예림,30,여성,"한국어, 중국어, 베트남어",INTERMEDIATE,2.3,"수, 목, 금",저녁
1025,황수진,29,여성,"한국어, 중국어, 베트남어",BEGINNER,5,"목, 금","오전, 오후"
1026,안예은,28,여성,"중국어, 베트남어",INTERMEDIATE,3.2,"목, 금","오전, 오후"
1027,신수진,28,여성,"한국어, 베트남어",BEGINNER,3.5,"목, 금","오전, 오후"
1028,정지현,34,여성,"한국어, 중국어, 베트남어",ADVANCED,3.8,"토, 일","오후, 저녁"
1029,오서연,33,여성,한국어,BEGINNER,4.4,"월, 화, 수, 목, 금","오전, 오후, 저녁"
1030,한재훈,28,남성,"한국어, 중국어, 베트남어",BEGINNER,4.3,"토, 일","오후, 저녁"
1031,강진우,42,남성,한국어,ADVANCED,4,"토, 일","오후, 저녁"
1032,윤민준,25,남성,"한국어, 베트남어",BEGINNER,4,"화, 수, 목",오후
1033,홍민규,22,남성,"한국어, 중국어, 베트남어",INTERMEDIATE,2.2,"토, 일","오후, 저녁"
1034,조서영,48,여성,베트남어,ADVANCED,2.5,"목, 금","오전, 오후"
1035,홍서영,20,여성,한국어,BEGINNER,4,"토, 일","오후, 저녁"
1036,홍서진,24,남성,"한국어, 베트남어",ADVANCED,4.1,"토, 일","오전, 오후, 저녁"
1037,강태현,24,남성,"한국어, 베트남어",INTERMEDIATE,2.5,"월, 화, 수, 목, 금","오전, 오후, 저녁"
1038,안예진,36,여성,중국어,BEGINNER,3.4,"토, 일","오전, 저녁"
1039,강민재,26,남성,"한국어, 중국어",ADVANCED,4.2,"토, 일","오후, 저녁"
1040,임유진,36,여성,"한국어, 베트남어",BEGINNER,3,"월, 화, 수",오전
1041,임승현,40,남성,"한국어, 베트남어",BEGINNER,5,"월, 화, 수, 목, 금","오전, 오후, 저녁"
1042,송지원,24,여성,"중국어, 베트남어",ADVANCED,2,"월, 화, 수, 목, 금","오전, 오후, 저녁"
1043,한예은,38,여성,중국어,BEGINNER,2.7,"월, 화, 수",오전
1044,신승현,38,남성,베트남어,BEGINNER,4.2,"토, 일","오전, 저녁"
1045,윤서진,33,남성,"한국어, 중국어",INTERMEDIATE,3.8,"토, 일","오전, 저녁"
1046,김승현,23,남성,"한국어, 베트남어",INTERMEDIATE,1.7,"월, 수, 금","오전, 오후"
1047,윤예림,39,여성,"중국어, 베트남어",ADVANCED,2.9,"월, 화, 수, 목, 금","오전, 오후, 저녁"
1048,임지현,43,여성,"한국어, 중국어, 베트남어",INTERMEDIATE,2.2,"수, 목, 금",저녁
1049,송수진,36,여성,"한국어, 중국어, 베트남어",ADVANCED,4.3,"토, 일","오전, 오후, 저녁"
1050,한수진,33,여성,"한국어, 중국어",ADVANCED,3.8,"토, 일","오전, 저녁"
1051,오민지,28,여성,"한국어, 중국어",INTERMEDIATE,3.1,"목, 금","오전, 오후"
1052,한성민,21,남성,"한국어, 중국어, 베트남어",INTERMEDIATE,2.1,"목, 금","오전, 오후"
1053,이지민,34,여성,"한국어, 베트남어",ADVANCED,1.8,"토, 일","오후, 저녁"
1054,강현우,49,남성,"한국어, 중국어",ADVANCED,3.6,"목, 금","오전, 오후"
1055,서현우,24,남성,한국어,INTERMEDIATE,2.6,"월, 화, 수",오전
1056,오서연,25,여성,한국어,BEGINNER,4.2,"월, 화, 수",오전
1057,장민주,41,여성,베트남어,ADVANCED,3.7,"토, 일","오후, 저녁"
1058,장지원,36,여성,"한국어, 베트남어",ADVANCED,4.3,"토, 일","오후, 저녁"
1059,권수민,41,여성,한국어,BEGINNER,4.7,"월, 수, 금","오전, 오후"
1060,한진우,42,남성,한국어,INTERMEDIATE,3.5,"화, 목",저녁
1061,오민주,29,여성,"한국어, 베트남어",BEGINNER,4.5,"토, 일","오후, 저녁"
1062,홍수빈,48,여성,"한국어, 중국어, 베트남어",ADVANCED,2.1,"수, 목, 금",저녁
1063,안민성,28,남성,"중국어, 베트남어",BEGINNER,1.2,"토, 일","오전, 저녁"
1064,홍수연,41,여성,"한국어, 베트남어",BEGINNER,3.7,"목, 금","오전, 오후"
1065,장지원,30,여성,"한국어, 중국어, 베트남어",INTERMEDIATE,3.7,"토, 일","오전, 오후, 저녁"
1066,황민성,37,남성,"한국어, 중국어, 베트남어",BEGINNER,3.9,"월, 화, 수",오전
1067,정예준,40,남성,"한국어, 중국어, 베트남어",BEGINNER,4.1,"토, 일","오전, 저녁"
1068,최서영,47,여성,"중국어, 베트남어",BEGINNER,4.9,"토, 일","오후, 저녁"
1069,강민서,43,여성,"한국어, 중국어",BEGINNER,5,"수, 목, 금",저녁
1070,한지현,33,여성,중국어,BEGINNER,3.3,"월, 수, 금","오전, 오후"
1071,신지민,44,여성,"중국어, 베트남어",BEGINNER,4.9,"월, 수, 금","오전, 오후"
1072,조유진,37,여성,한국어,ADVANCED,4.3,"월, 화, 수, 목, 금","오전, 오후, 저녁"
1073,송승현,26,남성,"중국어, 베트남어",INTERMEDIATE,4,"월, 화, 수, 목, 금","오전, 오후, 저녁"
1074,황서진,47,남성,"한국어, 베트남어",BEGINNER,4.1,"화, 수, 목",오후
1075,권지은,31,여성,"한국어, 베트남어",ADVANCED,4.3,"월, 화, 수",오전
1076,장수연,21,여성,"중국어, 베트남어",BEGINNER,4.8,"화, 목",저녁
1077,이예림,28,여성,"한국어, 중국어, 베트남어",INTERMEDIATE,4.7,"수, 목, 금",저녁
1078,장서영,47,여성,"한국어, 중국어, 베트남어",INTERMEDIATE,3.5,"토, 일","오전, 저녁"
1079,서우진,44,남성,"중국어, 베트남어",INTERMEDIATE,4,"토, 일","오전, 저녁"
1080,김지민,28,여성,베트남어,BEGINNER,4.6,"월, 화, 수",오전
1081,강지현,46,여성,"한국어, 중국어, 베트남어",INTERMEDIATE,3.4,"월, 수, 금","오전, 오후"
1082,한서진,42,남성,"한국어, 중국어",INTERMEDIATE,2.3,"토, 일","오전, 오후, 저녁"
1083,서지민,33,여성,"한국어, 베트남어",BEGINNER,1.6,"토, 일","오후, 저녁"
1084,장지은,21,여성,"한국어, 중국어",ADVANCED,4.8,"월, 화, 수",오전
1085,윤성민,35,남성,중국어,ADVANCED,3.8,"화, 수, 목",오후
1086,임수연,21,여성,"중국어, 베트남어",ADVANCED,3.7,"토, 일","오전, 오후, 저녁"
1087,전서연,39,여성,"한국어, 베트남어",BEGINNER,1.5,"토, 일","오후, 저녁"
1088,윤지영,42,여성,"한국어, 중국어",BEGINNER,1.8,"월, 화, 수, 목, 금","오전, 오후, 저녁"
1089,서민주,34,여성,"중국어, 베트남어",INTERMEDIATE,1.6,"화, 수, 목",오후
1090,권은지,40,여성,베트남어,ADVANCED,3.7,"화, 목",저녁
1091,김지민,49,여성,"한국어, 중국어",BEGINNER,4.2,"토, 일","오전, 오후, 저녁"
1092,최민규,33,남성,"한국어, 중국어, 베트남어",ADVANCED,4.5,"월, 화, 수",오전
1093,황수민,26,여성,"한국어, 중국어, 베트남어",INTERMEDIATE,4.8,"목, 금","오전, 오후"
1094,강준서,28,남성,"한국어, 중국어, 베트남어",ADVANCED,2.4,"월, 화, 수, 목, 금","오전, 오후, 저녁"
1095,안우진,45,남성,"한국어, 베트남어",INTERMEDIATE,2.4,"토, 일","오전, 저녁"
1096,조서준,49,남성,중국어,INTERMEDIATE,1.9,"화, 목",저녁
1097,오도윤,29,남성,"중국어, 베트남어",ADVANCED,3,"토, 일","오후, 저녁"
1098,황서현,40,여성,"한국어, 중국어",BEGINNER,3.6,"월, 화, 수",오전
1099,박우진,29,남성,"중국어, 베트남어",BEGINNER,4.2,"월, 화, 수, 목, 금","오전, 오후, 저녁"
1100,임서진,28,남성,"중국어, 베트남어",INTERMEDIATE,4.3,"토, 일","오전, 저녁"
1101,권민지,29,여성,중국어,BEGINNER,1.2,"월, 수, 금","오전, 오후"
1102,조예은,39,여성,"한국어, 베트남어",INTERMEDIATE,1.5,"화, 수, 목",오후
1103,조은지,40,여성,중국어,INTERMEDIATE,3.3,"토, 일","오전, 오후, 저녁"
1104,박우진,25,남성,한국어,BEGINNER,4.5,"토, 일","오전, 오후, 저녁"
1105,한수빈,31,여성,"한국어, 베트남어",INTERMEDIATE,1.6,"목, 금","오전, 오후"
1106,강민규,41,남성,"한국어, 중국어, 베트남어",INTERMEDIATE,4.4,"토, 일","오후, 저녁"
1107,장승현,26,남성,"한국어, 중국어",INTERMEDIATE,2.2,"월, 수, 금","오전, 오후"
1108,홍서진,40,남성,"한국어, 중국어, 베트남어",BEGINNER,4.4,"토, 일","오후, 저녁"
1109,조서연,47,여성,"한국어, 중국어",BEGINNER,4.6,"수, 목, 금",저녁
1110,정민준,31,남성,"한국어, 베트남어",BEGINNER,2.9,"토, 일","오전, 저녁"
1111,장서준,35,남성,"한국어, 중국어, 베트남어",BEGINNER,3.3,"토, 일","오전, 오후, 저녁"
1112,최서현,39,여성,"한국어, 중국어",BEGINNER,3.6,"토, 일","오전, 오후, 저녁"
1113,박수빈,31,여성,"중국어, 베트남어",INTERMEDIATE,4.7,"토, 일","오전, 저녁"
1114,윤준혁,25,남성,"중국어, 베트남어",ADVANCED,3.9,"목, 금","오전, 오후"
1115,신수민,33,여성,"한국어, 베트남어",INTERMEDIATE,3.5,"화, 수, 목",오후
1116,서도현,21,남성,"한국어, 베트남어",INTERMEDIATE,3.5,"화, 목",저녁
1117,황준혁,34,남성,"한국어, 중국어, 베트남어",BEGINNER,4.3,"월, 수, 금","오전, 오후"
1118,신준서,22,남성,"한국어, 중국어, 베트남어",ADVANCED,2.4,"화, 수, 목",오후
1119,장수빈,28,여성,"한국어, 베트남어",BEGINNER,4.5,"월, 화, 수, 목, 금","오전, 오후, 저녁"
1120,서예림,49,여성,"한국어, 중국어",BEGINNER,4.5,"화, 수, 목",오후
1121,오예림,38,여성,중국어,INTERMEDIATE,3.6,"수, 목, 금",저녁
1122,김민규,24,남성,"한국어, 중국어",BEGINNER,4.9,"토, 일","오후, 저녁"
1123,정서현,25,여성,"한국어, 중국어, 베트남어",BEGINNER,4.3,"토, 일","오전, 오후, 저녁"
1124,전예준,30,남성,"중국어, 베트남어",BEGINNER,1.2,"토, 일","오전, 오후, 저녁"
1125,정우진,41,남성,"중국어, 베트남어",INTERMEDIATE,3.9,"화, 수, 목",오후
1126,박민지,40,여성,"중국어, 베트남어",INTERMEDIATE,4.2,"토, 일","오전, 오후, 저녁"
1127,홍서진,21,남성,"한국어, 베트남어",ADVANCED,4.6,"화, 수, 목",오후
1128,김서진,22,남성,한국어,BEGINNER,4.7,"월, 화, 수, 목, 금","오전, 오후, 저녁"
1129,전민재,25,남성,한국어,ADVANCED,2.5,"수, 목, 금",저녁
1130,윤우진,24,남성,"중국어, 베트남어",BEGINNER,2,"월, 수, 금","오전, 오후"
1131,신준영,32,남성,중국어,INTERMEDIATE,4.3,"화, 목",저녁
1132,김수진,27,여성,베트남어,BEGINNER,2.9,"월, 화, 수",오전
1133,정서준,21,남성,"중국어, 베트남어",BEGINNER,4,"화, 목",저녁
1134,안태현,40,남성,"중국어, 베트남어",ADVANCED,1.4,"월, 화, 수",오전
1135,정예은,35,여성,베트남어,INTERMEDIATE,2.7,"월, 화, 수, 목, 금","오전, 오후, 저녁"
1136,윤예진,36,여성,한국어,BEGINNER,4.6,"월, 화, 수, 목, 금","오전, 오후, 저녁"
1137,신준서,39,남성,베트남어,BEGINNER,4.8,"목, 금","오전, 오후"
1138,한민성,32,남성,"한국어, 중국어, 베트남어",INTERMEDIATE,3.9,"화, 목",저녁
1139,이수빈,37,여성,"중국어, 베트남어",INTERMEDIATE,4.9,"토, 일","오전, 저녁"
1140,신준영,35,남성,베트남어,INTERMEDIATE,4.5,"월, 화, 수, 목, 금","오전, 오후, 저녁"
1141,전민재,49,남성,"한국어, 베트남어",INTERMEDIATE,4.4,"수, 목, 금",저녁
1142,조예준,34,남성,"중국어, 베트남어",BEGINNER,3.1,"월, 수, 금","오전, 오후"
1143,안우진,20,남성,베트남어,INTERMEDIATE,4.7,"월, 화, 수",오전
1144,한서연,49,여성,"한국어, 중국어, 베트남어",BEGINNER,3.9,"월, 수, 금","오전, 오후"
1145,서서준,44,남성,"한국어, 중국어",INTERMEDIATE,3.4,"토, 일","오후, 저녁"
1146,한준혁,39,남성,"중국어, 베트남어",ADVANCED,3.2,"화, 수, 목",오후
1147,강수민,24,여성,"한국어, 중국어, 베트남어",ADVANCED,1.8,"수, 목, 금",저녁
1148,권지영,39,여성,"한국어, 베트남어",INTERMEDIATE,3.4,"토, 일","오전, 오후, 저녁"
1149,오진우,40,남성,"한국어, 베트남어",INTERMEDIATE,3.6,"월, 화, 수, 목, 금","오전, 오후, 저녁"
1150,윤서영,29,여성,중국어,ADVANCED,3.5,"토, 일","오후, 저녁"
1151,권수진,39,여성,"중국어, 베트남어",ADVANCED,2.5,"화, 목",저녁
1152,이민서,42,여성,중국어,ADVANCED,3.5,"월, 화, 수, 목, 금","오전, 오후, 저녁"
1153,박현우,35,남성,"한국어, 중국어",ADVANCED,1.7,"수, 목, 금",저녁
1154,김준서,44,남성,"한국어, 중국어, 베트남어",INTERMEDIATE,4.7,"토, 일","오전, 저녁"
1155,장수빈,47,여성,"중국어, 베트남어",INTERMEDIATE,1.4,"월, 수, 금","오전, 오후"
1156,권서연,32,여성,"한국어, 중국어, 베트남어",BEGINNER,4.2,"목, 금","오전, 오후"
1157,송현우,31,남성,"중국어, 베트남어",INTERMEDIATE,4.3,"토, 일","오전, 저녁"
1158,안예은,26,여성,베트남어,INTERMEDIATE,4.2,"화, 수, 목",오후
1159,황서연,47,여성,"중국어, 베트남어",ADVANCED,4.3,"목, 금","오전, 오후"
1160,전수진,29,여성,"한국어, 중국어, 베트남어",BEGINNER,1.3,"수, 목, 금",저녁
1161,정예진,27,여성,중국어,INTERMEDIATE,4.6,"목, 금","오전, 오후"
1162,김지은,47,여성,"한국어, 중국어, 베트남어",INTERMEDIATE,3.5,"월, 수, 금","오전, 오후"
1163,서재훈,29,남성,베트남어,INTERMEDIATE,4.7,"월, 수, 금","오전, 오후"
1164,이승현,33,남성,"한국어, 중국어",BEGINNER,4.2,"월, 수, 금","오전, 오후"
1165,정서준,30,남성,"중국어, 베트남어",BEGINNER,4.8,"토, 일","오전, 저녁"
1166,권현우,46,남성,베트남어,ADVANCED,4.2,"토, 일","오후, 저녁"
1167,강도윤,45,남성,"중국어, 베트남어",INTERMEDIATE,4.9,"토, 일","오전, 저녁"
1168,신민규,38,남성,"한국어, 베트남어",INTERMEDIATE,2.3,"수, 목, 금",저녁
1169,조민지,44,여성,베트남어,INTERMEDIATE,4,"월, 화, 수",오전
1170,조성민,41,남성,베트남어,INTERMEDIATE,2.7,"목, 금","오전, 오후"
1171,오수민,25,여성,"중국어, 베트남어",ADVANCED,4.1,"화, 목",저녁
1172,전진우,44,남성,"한국어, 중국어",ADVANCED,2.3,"화, 수, 목",오후
1173,윤민준,23,남성,"한국어, 중국어",INTERMEDIATE,2.5,"월, 화, 수",오전
1174,김서준,42,남성,"한국어, 중국어, 베트남어",INTERMEDIATE,4.9,"화, 목",저녁
1175,강지은,20,여성,"한국어, 베트남어",BEGINNER,3.1,"화, 수, 목",오후
1176,권준혁,27,남성,"한국어, 중국어, 베트남어",ADVANCED,4.5,"토, 일","오후, 저녁"
1177,신현우,25,남성,"한국어, 중국어",ADVANCED,4.7,"월, 화, 수, 목, 금","오전, 오후, 저녁"
1178,조지영,33,여성,"한국어, 중국어",ADVANCED,1.3,"토, 일","오후, 저녁"
1179,전현우,20,남성,중국어,INTERMEDIATE,3.6,"화, 목",저녁
1180,한서진,21,남성,"한국어, 중국어, 베트남어",INTERMEDIATE,5,"월, 화, 수, 목, 금","오전, 오후, 저녁"
1181,한예은,39,여성,베트남어,ADVANCED,2.1,"목, 금","오전, 오후"
1182,한서영,25,여성,"중국어, 베트남어",ADVANCED,4.1,"화, 목",저녁
1183,조진우,30,남성,"한국어, 중국어, 베트남어",INTERMEDIATE,3.1,"목, 금","오전, 오후"
1184,최서연,26,여성,베트남어,INTERMEDIATE,3.3,"수, 목, 금",저녁
1185,한수진,49,여성,"한국어, 중국어, 베트남어",INTERMEDIATE,4.3,"월, 화, 수",오전
1186,서민재,32,남성,"한국어, 중국어",INTERMEDIATE,4,"토, 일","오전, 오후, 저녁"
1187,박민지,25,여성,"한국어, 중국어",ADVANCED,4.8,"화, 수, 목",오후
1188,이민준,23,남성,중국어,BEGINNER,2.4,"토, 일","오후, 저녁"
1189,전성민,46,남성,"한국어, 베트남어",BEGINNER,2,"토, 일","오후, 저녁"
1190,안도윤,28,남성,베트남어,ADVANCED,3.3,"토, 일","오후, 저녁"
1191,이은지,25,여성,"한국어, 중국어, 베트남어",BEGINNER,3.8,"월, 화, 수",오전
1192,홍지훈,30,남성,"한국어, 중국어, 베트남어",ADVANCED,4.2,"월, 화, 수, 목, 금","오전, 오후, 저녁"
1193,최성민,46,남성,"한국어, 베트남어",BEGINNER,2.3,"목, 금","오전, 오후"
1194,이서진,49,남성,"한국어, 베트남어",ADVANCED,4.1,"화, 수, 목",오후
1195,홍준서,32,남성,"한국어, 중국어, 베트남어",BEGINNER,2.7,"월, 화, 수, 목, 금","오전, 오후, 저녁"
1196,황은지,29,여성,베트남어,BEGINNER,2.8,"목, 금","오전, 오후"
1197,안수진,30,여성,"중국어, 베트남어",ADVANCED,2.5,"화, 수, 목",오후
1198,오수빈,39,여성,"한국어, 베트남어",INTERMEDIATE,1.6,"토, 일","오전, 오후, 저녁"
1199,김민성,35,남성,"한국어, 베트남어",BEGINNER,4.6,"월, 화, 수",오전
1200,임수빈,47,여성,"한국어, 중국어, 베트남어",ADVANCED,2.2,"화, 수, 목",오후
1201,장민성,36,남성,"중국어, 베트남어",BEGINNER,2.4,"토, 일","오전, 저녁"
1202,강우진,44,남성,"중국어, 베트남어",ADVANCED,3.5,"토, 일","오후, 저녁"
1203,홍민서,23,여성,"한국어, 베트남어",INTERMEDIATE,4.9,"토, 일","오전, 저녁"
1204,윤도윤,30,남성,"한국어, 중국어, 베트남어",ADVANCED,4.5,"수, 목, 금",저녁
1205,정진우,26,남성,"한국어, 베트남어",BEGINNER,1.8,"토, 일","오후, 저녁"
1206,임지원,28,여성,중국어,ADVANCED,5,"토, 일","오후, 저녁"
1207,황성민,27,남성,"한국어, 베트남어",ADVANCED,4.5,"월, 화, 수",오전
1208,임수진,42,여성,"한국어, 중국어, 베트남어",ADVANCED,3.3,"수, 목, 금",저녁
1209,황민준,32,남성,"한국어, 중국어",BEGINNER,3.3,"월, 화, 수",오전
1210,송우진,21,남성,"한국어, 중국어",ADVANCED,3.2,"목, 금","오전, 오후"
1211,조서연,34,여성,"중국어, 베트남어",INTERMEDIATE,3.4,"토, 일","오후, 저녁"
1212,박서현,28,여성,"중국어, 베트남어",BEGINNER,4.5,"토, 일","오전, 오후, 저녁"
1213,윤수민,25,여성,"한국어, 중국어",BEGINNER,3.4,"수, 목, 금",저녁
1214,윤은지,20,여성,"한국어, 중국어",ADVANCED,4.4,"월, 화, 수, 목, 금","오전, 오후, 저녁"
1215,최수민,27,여성,"한국어, 중국어",ADVANCED,3.9,"월, 수, 금","오전, 오후"
1216,이민서,25,여성,"한국어, 중국어, 베트남어",ADVANCED,4,"화, 수, 목",오후
1217,정진우,45,남성,"한국어, 베트남어",ADVANCED,3.5,"월, 수, 금","오전, 오후"
1218,윤서영,47,여성,"한국어, 중국어, 베트남어",INTERMEDIATE,4.6,"토, 일","오후, 저녁"
1219,권승현,31,남성,"한국어, 베트남어",INTERMEDIATE,3.2,"토, 일","오전, 오후, 저녁"
1220,정민준,23,남성,"중국어, 베트남어",ADVANCED,4.2,"토, 일","오전, 저녁"
1221,한진우,40,남성,"중국어, 베트남어",INTERMEDIATE,4.3,"월, 화, 수",오전
1222,오은지,29,여성,"한국어, 중국어, 베트남어",BEGINNER,4.7,"화, 수, 목",오후
1223,오준서,46,남성,"한국어, 중국어, 베트남어",INTERMEDIATE,3,"토, 일","오전, 저녁"
1224,전지민,48,여성,한국어,BEGINNER,1.3,"월, 화, 수",오전
1225,오준영,34,남성,베트남어,BEGINNER,4.6,"토, 일","오전, 오후, 저녁"
1226,정민규,26,남성,"한국어, 베트남어",INTERMEDIATE,3.3,"토, 일","오후, 저녁"
1227,오민재,40,남성,베트남어,BEGINNER,2.5,"월, 화, 수",오전
1228,장도윤,35,남성,한국어,BEGINNER,4.1,"목, 금","오전, 오후"
1229,이수연,40,여성,"중국어, 베트남어",BEGINNER,3.6,"토, 일","오전, 저녁"
1230,조수연,44,여성,"한국어, 중국어",BEGINNER,3.5,"수, 목, 금",저녁
1231,윤지현,33,여성,"한국어, 중국어, 베트남어",INTERMEDIATE,3.1,"화, 목",저녁
1232,강성민,34,남성,"한국어, 중국어",INTERMEDIATE,4,"월, 수, 금","오전, 오후"
1233,안서현,24,여성,"한국어, 베트남어",INTERMEDIATE,2.2,"월, 화, 수",오전
1234,강승현,29,남성,"한국어, 중국어, 베트남어",INTERMEDIATE,4.2,"월, 화, 수",오전
1235,서지은,43,여성,"한국어, 중국어, 베트남어",ADVANCED,1.6,"화, 수, 목",오후
1236,신서준,25,남성,"한국어, 중국어",ADVANCED,2.6,"월, 화, 수, 목, 금","오전, 오후, 저녁"
1237,정민주,22,여성,"한국어, 베트남어",BEGINNER,2.9,"수, 목, 금",저녁
1238,전예준,22,남성,"한국어, 베트남어",ADVANCED,1.5,"월, 수, 금","오전, 오후"
1239,전민규,23,남성,"중국어, 베트남어",INTERMEDIATE,4.3,"토, 일","오후, 저녁"
1240,한서영,46,여성,"한국어, 베트남어",INTERMEDIATE,2.1,"수, 목, 금",저녁
1241,장지은,23,여성,"한국어, 중국어, 베트남어",BEGINNER,3.8,"월, 수, 금","오전, 오후"
1242,강수빈,43,여성,"중국어, 베트남어",ADVANCED,3.5,"토, 일","오후, 저녁"
1243,송수연,23,여성,한국어,BEGINNER,3.7,"목, 금","오전, 오후"
1244,권민주,33,여성,"한국어, 베트남어",BEGINNER,4.6,"월, 화, 수",오전
1245,서현우,41,남성,"중국어, 베트남어",ADVANCED,4.3,"토, 일","오후, 저녁"
1246,오태현,20,남성,"한국어, 중국어, 베트남어",BEGINNER,4.3,"토, 일","오후, 저녁"
1247,전민규,36,남성,중국어,BEGINNER,4.9,"월, 화, 수, 목, 금","오전, 오후, 저녁"
1248,신민성,24,남성,"중국어, 베트남어",ADVANCED,5,"토, 일","오후, 저녁"
1249,오진우,38,남성,베트남어,ADVANCED,4,"목, 금","오전, 오후"
1250,장민재,41,남성,"한국어, 중국어, 베트남어",INTERMEDIATE,4.9,"화, 목",저녁
1251,안유진,20,여성,"한국어, 베트남어",BEGINNER,3.2,"수, 목, 금",저녁
1252,장준서,48,남성,중국어,BEGINNER,2.6,"월, 수, 금","오전, 오후"
1253,윤민규,41,남성,한국어,ADVANCED,3.2,"월, 화, 수",오전
1254,조민주,41,여성,"한국어, 베트남어",INTERMEDIATE,2.3,"월, 화, 수",오전
1255,서지훈,31,남성,"중국어, 베트남어",INTERMEDIATE,2.8,"화, 목",저녁
1256,강지은,31,여성,한국어,BEGINNER,3.2,"화, 수, 목",오후
1257,황민서,46,여성,한국어,BEGINNER,4.5,"월, 화, 수",오전
1258,김지민,20,여성,한국어,INTERMEDIATE,2.3,"월, 화, 수",오전
1259,조진우,43,남성,"한국어, 중국어, 베트남어",ADVANCED,1.4,"토, 일","오후, 저녁"
1260,박은지,47,여성,"한국어, 베트남어",ADVANCED,3.7,"토, 일","오전, 저녁"
1261,권예은,24,여성,"한국어, 중국어, 베트남어",BEGINNER,4.4,"토, 일","오전, 저녁"
1262,전민규,30,남성,"한국어, 베트남어",BEGINNER,3.8,"화, 수, 목",오후
1263,오민재,28,남성,"한국어, 베트남어",BEGINNER,4.4,"목, 금","오전, 오후"
1264,장준혁,28,남성,중국어,ADVANCED,1.1,"월, 화, 수",오전
1265,신수민,24,여성,"한국어, 베트남어",BEGINNER,3.2,"수, 목, 금",저녁
1266,임도윤,25,남성,베트남어,BEGINNER,4.8,"화, 수, 목",오후
1267,송서영,39,여성,"중국어, 베트남어",BEGINNER,1.9,"토, 일","오후, 저녁"
1268,정민재,24,남성,"한국어, 베트남어",ADVANCED,4.3,"수, 목, 금",저녁
1269,장도윤,22,남성,"한국어, 중국어, 베트남어",ADVANCED,3.5,"토, 일","오전, 오후, 저녁"
1270,이태현,28,남성,"한국어, 중국어",BEGINNER,2.9,"목, 금","오전, 오후"
1271,임재훈,32,남성,"중국어, 베트남어",ADVANCED,4.6,"토, 일","오전, 오후, 저녁"
1272,장민서,48,여성,"한국어, 중국어, 베트남어",ADVANCED,3.3,"목, 금","오전, 오후"
1273,박민지,48,여성,"중국어, 베트남어",ADVANCED,2.2,"월, 화, 수, 목, 금","오전, 오후, 저녁"
1274,김수연,42,여성,"한국어, 중국어, 베트남어",ADVANCED,1.6,"월, 화, 수",오전
1275,강지영,49,여성,"중국어, 베트남어",BEGINNER,4.8,"토, 일","오전, 저녁"
1276,박우진,28,남성,한국어,ADVANCED,4.9,"토, 일","오후, 저녁"
1277,한도현,25,남성,"한국어, 베트남어",BEGINNER,4.6,"목, 금","오전, 오후"
1278,이수연,35,여성,"한국어, 중국어",BEGINNER,3.5,"화, 수, 목",오후
1279,강수진,35,여성,한국어,INTERMEDIATE,2.5,"월, 수, 금","오전, 오후"
1280,윤태현,22,남성,"한국어, 중국어, 베트남어",BEGINNER,3.5,"월, 화, 수",오전
1281,한서진,49,남성,중국어,ADVANCED,4.7,"화, 수, 목",오후
1282,한지은,24,여성,"한국어, 중국어",BEGINNER,4.1,"월, 화, 수, 목, 금","오전, 오후, 저녁"
1283,김은지,49,여성,"중국어, 베트남어",INTERMEDIATE,4,"목, 금","오전, 오후"
1284,박서준,29,남성,"중국어, 베트남어",BEGINNER,3.2,"토, 일","오후, 저녁"
1285,김민주,35,여성,"중국어, 베트남어",INTERMEDIATE,2.6,"토, 일","오전, 오후, 저녁"
1286,서현우,37,남성,"한국어, 베트남어",ADVANCED,4.7,"목, 금","오전, 오후"
1287,한수연,22,여성,"한국어, 중국어, 베트남어",ADVANCED,3.3,"화, 목",저녁
1288,신지영,34,여성,"한국어, 중국어, 베트남어",ADVANCED,5,"월, 화, 수",오전
1289,송도현,29,남성,한국어,ADVANCED,4.1,"토, 일","오후, 저녁"
1290,전수빈,42,여성,"한국어, 중국어",INTERMEDIATE,3.5,"목, 금","오전, 오후"
1291,박지은,35,여성,"한국어, 베트남어",ADVANCED,3.6,"월, 화, 수",오전
1292,최유진,33,여성,"중국어, 베트남어",ADVANCED,3.6,"화, 수, 목",오후
1293,윤민지,30,여성,"한국어, 베트남어",INTERMEDIATE,3.9,"토, 일","오전, 오후, 저녁"
1294,강도현,21,남성,베트남어,ADVANCED,4,"화, 목",저녁
1295,송서연,48,여성,"중국어, 베트남어",ADVANCED,2.8,"화, 수, 목",오후
1296,장예준,21,남성,"한국어, 중국어",INTERMEDIATE,1.7,"목, 금","오전, 오후"
1297,신지원,42,여성,베트남어,INTERMEDIATE,4,"수, 목, 금",저녁
1298,최재훈,42,남성,"한국어, 중국어",ADVANCED,1.5,"화, 수, 목",오후
1299,장현우,49,남성,베트남어,INTERMEDIATE,4.6,"수, 목, 금",저녁
1300,정수빈,48,여성,"한국어, 베트남어",ADVANCED,4,"토, 일","오전, 오후, 저녁"
1301,정유진,20,여성,중국어,BEGINNER,4.3,"토, 일","오전, 저녁"
1302,최민재,34,남성,중국어,BEGINNER,4.8,"수, 목, 금",저녁
1303,오지현,33,여성,"한국어, 중국어",ADVANCED,3,"월, 수, 금","오전, 오후"
1304,신서현,21,여성,한국어,BEGINNER,4.3,"화, 수, 목",오후
1305,신준영,31,남성,"중국어, 베트남어",INTERMEDIATE,3.6,"토, 일","오전, 오후, 저녁"
1306,안준영,28,남성,한국어,INTERMEDIATE,2.9,"월, 화, 수, 목, 금","오전, 오후, 저녁"
1307,임민준,49,남성,"한국어, 베트남어",BEGINNER,2.6,"토, 일","오전, 오후, 저녁"
1308,서서준,26,남성,"중국어, 베트남어",INTERMEDIATE,1.4,"토, 일","오후, 저녁"
1309,임현우,33,남성,"한국어, 베트남어",ADVANCED,4.7,"월, 화, 수, 목, 금","오전, 오후, 저녁"
1310,송재훈,31,남성,중국어,ADVANCED,5,"화, 수, 목",오후
1311,최우진,44,남성,"한국어, 중국어, 베트남어",BEGINNER,4.1,"월, 화, 수",오전
1312,조민재,21,남성,"한국어, 중국어, 베트남어",ADVANCED,2.5,"월, 수, 금","오전, 오후"
1313,이수진,22,여성,"중국어, 베트남어",INTERMEDIATE,3.3,"월, 화, 수, 목, 금","오전, 오후, 저녁"
1314,전민성,48,남성,"중국어, 베트남어",INTERMEDIATE,4.6,"토, 일","오전, 오후, 저녁"
1315,안민준,30,남성,"한국어, 베트남어",ADVANCED,2.9,"토, 일","오전, 저녁"
1316,오준영,38,남성,중국어,BEGINNER,1.5,"수, 목, 금",저녁
1317,정준영,39,남성,"중국어, 베트남어",INTERMEDIATE,2.3,"월, 화, 수",오전
1318,박지현,35,여성,"중국어, 베트남어",ADVANCED,5,"월, 화, 수, 목, 금","오전, 오후, 저녁"
1319,홍서준,28,남성,"한국어, 중국어",ADVANCED,1.1,"월, 화, 수, 목, 금","오전, 오후, 저녁"
1320,윤민성,33,남성,"중국어, 베트남어",BEGINNER,4.1,"토, 일","오후, 저녁"
1321,장서영,28,여성,"한국어, 중국어",INTERMEDIATE,4.5,"수, 목, 금",저녁
1322,오서준,49,남성,한국어,INTERMEDIATE,1.9,"토, 일","오전, 저녁"
1323,한준혁,40,남성,"한국어, 중국어, 베트남어",ADVANCED,2,"수, 목, 금",저녁
1324,정수빈,23,여성,베트남어,BEGINNER,3.5,"토, 일","오후, 저녁"
1325,박민재,24,남성,"한국어, 베트남어",INTERMEDIATE,2.7,"화, 수, 목",오후
1326,서예진,39,여성,중국어,BEGINNER,4,"화, 목",저녁
1327,박지원,22,여성,"한국어, 중국어, 베트남어",BEGINNER,3.9,"화, 목",저녁
1328,황민성,40,남성,"중국어, 베트남어",ADVANCED,4.1,"화, 목",저녁
1329,박민서,42,여성,"한국어, 중국어, 베트남어",BEGINNER,2.4,"토, 일","오전, 오후, 저녁"
1330,홍서현,35,여성,"중국어, 베트남어",INTERMEDIATE,4.9,"토, 일","오전, 저녁"
1331,오예진,31,여성,"한국어, 중국어, 베트남어",ADVANCED,3.9,"토, 일","오전, 저녁"
1332,최준영,39,남성,"한국어, 중국어",ADVANCED,1.5,"월, 화, 수",오전
1333,조민재,33,남성,"중국어, 베트남어",ADVANCED,2.6,"월, 수, 금","오전, 오후"
1334,강민성,37,남성,베트남어,ADVANCED,3.7,"월, 화, 수, 목, 금","오전, 오후, 저녁"
1335,권지원,24,여성,"한국어, 중국어, 베트남어",ADVANCED,3,"월, 화, 수, 목, 금","오전, 오후, 저녁"
1336,전준혁,24,남성,한국어,ADVANCED,4.6,"수, 목, 금",저녁
1337,김서영,44,여성,중국어,INTERMEDIATE,3.2,"토, 일","오전, 오후, 저녁"
1338,전유진,31,여성,베트남어,INTERMEDIATE,4.3,"월, 화, 수, 목, 금","오전, 오후, 저녁"
1339,이진우,28,남성,중국어,BEGINNER,4.5,"월, 화, 수, 목, 금","오전, 오후, 저녁"
1340,송민서,20,여성,"한국어, 베트남어",BEGINNER,4.9,"화, 수, 목",오후
1341,안진우,31,남성,"한국어, 중국어, 베트남어",INTERMEDIATE,3.3,"화, 수, 목",오후
1342,신성민,24,남성,"한국어, 중국어",BEGINNER,4.5,"수, 목, 금",저녁
1343,서유진,42,여성,중국어,ADVANCED,3.9,"월, 수, 금","오전, 오후"
1344,전예준,44,남성,"한국어, 중국어",ADVANCED,2.6,"토, 일","오후, 저녁"
1345,이성민,45,남성,"중국어, 베트남어",INTERMEDIATE,4.3,"목, 금","오전, 오후"
1346,조서준,48,남성,"한국어, 베트남어",BEGINNER,4.1,"월, 화, 수",오전
1347,장서영,33,여성,"한국어, 베트남어",ADVANCED,2.8,"목, 금","오전, 오후"
1348,오민규,43,남성,"한국어, 중국어, 베트남어",ADVANCED,4.1,"월, 화, 수, 목, 금","오전, 오후, 저녁"
1349,신준영,31,남성,"한국어, 중국어, 베트남어",INTERMEDIATE,2.7,"월, 수, 금","오전, 오후"
1350,송예준,36,남성,"한국어, 중국어, 베트남어",ADVANCED,3.5,"화, 수, 목",오후
1351,최지은,23,여성,"중국어, 베트남어",ADVANCED,3.4,"월, 화, 수, 목, 금","오전, 오후, 저녁"
1352,전수민,20,여성,"한국어, 베트남어",BEGINNER,4.6,"토, 일","오전, 저녁"
1353,전수진,37,여성,베트남어,ADVANCED,4.6,"수, 목, 금",저녁
1354,강재훈,23,남성,"한국어, 중국어",BEGINNER,1.5,"수, 목, 금",저녁
1355,박지영,21,여성,"한국어, 중국어",BEGINNER,2.2,"수, 목, 금",저녁
1356,임우진,27,남성,"한국어, 베트남어",BEGINNER,1.4,"토, 일","오전, 오후, 저녁"
1357,강서영,47,여성,"한국어, 중국어",BEGINNER,3,"목, 금","오전, 오후"
1358,김준서,41,남성,중국어,INTERMEDIATE,4.7,"토, 일","오후, 저녁"
1359,윤수연,41,여성,베트남어,INTERMEDIATE,1.3,"토, 일","오전, 오후, 저녁"
1360,조서연,31,여성,"한국어, 중국어, 베트남어",INTERMEDIATE,2.3,"수, 목, 금",저녁
1361,이예진,46,여성,"한국어, 중국어, 베트남어",ADVANCED,3.4,"월, 화, 수, 목, 금","오전, 오후, 저녁"
1362,신우진,42,남성,"중국어, 베트남어",INTERMEDIATE,2.7,"토, 일","오후, 저녁"
1363,홍우진,48,남성,"중국어, 베트남어",INTERMEDIATE,3.5,"화, 수, 목",오후
1364,김진우,23,남성,"한국어, 중국어",BEGINNER,3.7,"월, 수, 금","오전, 오후"
1365,이서현,21,여성,"한국어, 베트남어",ADVANCED,1.9,"수, 목, 금",저녁
1366,장지원,26,여성,한국어,ADVANCED,4.1,"월, 화, 수",오전
1367,전예진,42,여성,"한국어, 중국어, 베트남어",BEGINNER,2.5,"월, 화, 수, 목, 금","오전, 오후, 저녁"
1368,박서현,38,여성,"한국어, 베트남어",ADVANCED,4.6,"토, 일","오전, 저녁"
1369,최지현,34,여성,"한국어, 중국어, 베트남어",INTERMEDIATE,3.3,"월, 화, 수, 목, 금","오전, 오후, 저녁"
1370,안민재,38,남성,"중국어, 베트남어",ADVANCED,4.6,"토, 일","오전, 저녁"
1371,안수민,48,여성,베트남어,ADVANCED,4.7,"월, 수, 금","오전, 오후"
1372,강수민,39,여성,"한국어, 중국어, 베트남어",INTERMEDIATE,3.9,"수, 목, 금",저녁
1373,전성민,49,남성,"한국어, 중국어",ADVANCED,1.7,"화, 목",저녁
1374,송은지,45,여성,"중국어, 베트남어",INTERMEDIATE,4.3,"월, 화, 수, 목, 금","오전, 오후, 저녁"
1375,장진우,36,남성,"한국어, 중국어",ADVANCED,4.4,"목, 금","오전, 오후"
1376,송수진,39,여성,"한국어, 중국어, 베트남어",BEGINNER,4,"월, 화, 수",오전
1377,윤서준,24,남성,"한국어, 중국어, 베트남어",BEGINNER,3.2,"월, 화, 수",오전
1378,조수민,32,여성,"중국어, 베트남어",ADVANCED,4.5,"화, 수, 목",오후
1379,서민재,36,남성,"한국어, 중국어",ADVANCED,3.2,"월, 화, 수, 목, 금","오전, 오후, 저녁"
1380,정서현,22,여성,"한국어, 베트남어",INTERMEDIATE,3,"토, 일","오전, 저녁"
1381,전서준,37,남성,"한국어, 베트남어",BEGINNER,3.9,"목, 금","오전, 오후"
1382,서서진,33,남성,"한국어, 중국어, 베트남어",INTERMEDIATE,3.8,"월, 화, 수, 목, 금","오전, 오후, 저녁"
1383,최서현,30,여성,"한국어, 중국어, 베트남어",INTERMEDIATE,2.7,"월, 화, 수, 목, 금","오전, 오후, 저녁"
1384,이서진,40,남성,"한국어, 중국어, 베트남어",ADVANCED,1.3,"목, 금","오전, 오후"
1385,송수연,23,여성,"한국어, 베트남어",ADVANCED,2.2,"화, 목",저녁
1386,신태현,41,남성,"중국어, 베트남어",INTERMEDIATE,2.9,"토, 일","오전, 저녁"
1387,임재훈,30,남성,"중국어, 베트남어",BEGINNER,4.8,"토, 일","오전, 저녁"
1388,한민주,45,여성,"한국어, 베트남어",ADVANCED,3.2,"월, 수, 금","오전, 오후"
1389,김예진,48,여성,"한국어, 중국어, 베트남어",INTERMEDIATE,3.5,"월, 수, 금","오전, 오후"
1390,권도윤,32,남성,베트남어,INTERMEDIATE,2.4,"토, 일","오전, 저녁"
1391,박수민,41,여성,"한국어, 중국어, 베트남어",ADVANCED,3.4,"월, 화, 수",오전
1392,강지훈,34,남성,"한국어, 중국어, 베트남어",INTERMEDIATE,4.5,"월, 수, 금","오전, 오후"
1393,최지민,25,여성,베트남어,BEGINNER,3,"토, 일","오전, 오후, 저녁"
1394,황태현,42,남성,베트남어,INTERMEDIATE,3.6,"화, 목",저녁
1395,조은지,27,여성,"한국어, 중국어, 베트남어",BEGINNER,1.5,"토, 일","오전, 저녁"
1396,정수진,36,여성,"중국어, 베트남어",ADVANCED,2.6,"토, 일","오전, 저녁"
1397,장준서,48,남성,"한국어, 베트남어",ADVANCED,2.5,"화, 수, 목",오후
1398,강준서,26,남성,"한국어, 중국어",INTERMEDIATE,4.5,"목, 금","오전, 오후"
1399,전지민,31,여성,"한국어, 중국어",INTERMEDIATE,4.7,"토, 일","오전, 저녁"
1400,임예진,40,여성,"한국어, 중국어, 베트남어",BEGINNER,4.1,"토, 일","오후, 저녁"
1401,장민준,21,남성,"한국어, 중국어, 베트남어",ADVANCED,3.3,"월, 수, 금","오전, 오후"
1402,전도윤,28,남성,"중국어, 베트남어",ADVANCED,4.3,"월, 화, 수, 목, 금","오전, 오후, 저녁"
1403,한수민,44,여성,"한국어, 베트남어",ADVANCED,3.4,"월, 화, 수, 목, 금","오전, 오후, 저녁"
1404,이민서,21,여성,"한국어, 베트남어",INTERMEDIATE,2.2,"월, 화, 수",오전
1405,홍서현,27,여성,베트남어,BEGINNER,4.2,"월, 화, 수, 목, 금","오전, 오후, 저녁"
1406,권민준,20,남성,"한국어, 베트남어",INTERMEDIATE,3.4,"월, 화, 수, 목, 금","오전, 오후, 저녁"
1407,안예은,21,여성,"한국어, 중국어",BEGINNER,2.5,"화, 수, 목",오후
1408,서민서,30,여성,"한국어, 중국어, 베트남어",INTERMEDIATE,3.5,"토, 일","오후, 저녁"
1409,한예은,23,여성,"한국어, 중국어, 베트남어",ADVANCED,4.9,"월, 화, 수, 목, 금","오전, 오후, 저녁"
1410,한예준,36,남성,"중국어, 베트남어",ADVANCED,2.9,"토, 일","오후, 저녁"
1411,최서영,35,여성,"한국어, 베트남어",ADVANCED,1.4,"화, 수, 목",오후
1412,장예은,25,여성,베트남어,ADVANCED,3.6,"토, 일","오후, 저녁"
1413,안지원,39,여성,"한국어, 중국어, 베트남어",INTERMEDIATE,3.6,"화, 수, 목",오후
1414,오수진,22,여성,한국어,BEGINNER,3.1,"토, 일","오후, 저녁"
1415,한유진,26,여성,"중국어, 베트남어",INTERMEDIATE,1.2,"목, 금","오전, 오후"
1416,장지현,45,여성,"한국어, 베트남어",BEGINNER,2.3,"화, 목",저녁
1417,최서준,24,남성,"중국어, 베트남어",BEGINNER,4.4,"수, 목, 금",저녁
1418,황준영,40,남성,"한국어, 중국어, 베트남어",INTERMEDIATE,4.5,"월, 수, 금","오전, 오후"
1419,장지영,28,여성,"한국어, 중국어, 베트남어",INTERMEDIATE,4.3,"월, 수, 금","오전, 오후"
1420,오서현,27,여성,한국어,ADVANCED,2.2,"토, 일","오전, 오후, 저녁"
1421,전서준,39,남성,"한국어, 중국어, 베트남어",BEGINNER,3.5,"화, 목",저녁
1422,한도윤,40,남성,"한국어, 중국어, 베트남어",INTERMEDIATE,4.2,"토, 일","오전, 저녁"
1423,황재훈,44,남성,"한국어, 중국어, 베트남어",INTERMEDIATE,3.2,"월, 수, 금","오전, 오후"
1424,윤현우,25,남성,"한국어, 중국어",ADVANCED,1.5,"수, 목, 금",저녁
1425,정민재,21,남성,"한국어, 중국어, 베트남어",ADVANCED,3.4,"수, 목, 금",저녁
1426,오우진,29,남성,"한국어, 중국어, 베트남어",INTERMEDIATE,2.9,"수, 목, 금",저녁
1427,이서진,47,남성,"한국어, 중국어",BEGINNER,4.5,"월, 화, 수, 목, 금","오전, 오후, 저녁"
1428,안서진,46,남성,한국어,INTERMEDIATE,4.7,"화, 수, 목",오후
1429,서수진,44,여성,"한국어, 베트남어",ADVANCED,4.5,"화, 목",저녁
1430,정준서,24,남성,"한국어, 중국어",BEGINNER,2.6,"월, 화, 수",오전
1431,전지민,31,여성,중국어,BEGINNER,4.5,"월, 화, 수, 목, 금","오전, 오후, 저녁"
1432,신민재,20,남성,"중국어, 베트남어",ADVANCED,2.1,"월, 수, 금","오전, 오후"
1433,박서준,33,남성,"한국어, 중국어, 베트남어",INTERMEDIATE,2.1,"화, 수, 목",오후
1434,안서영,39,여성,베트남어,ADVANCED,1.9,"토, 일","오전, 저녁"
1435,임도윤,38,남성,중국어,BEGINNER,2.8,"월, 수, 금","오전, 오후"
1436,송서영,32,여성,"중국어, 베트남어",INTERMEDIATE,3.6,"수, 목, 금",저녁
1437,최서영,43,여성,"중국어, 베트남어",INTERMEDIATE,4.8,"수, 목, 금",저녁
1438,윤민주,25,여성,"한국어, 베트남어",INTERMEDIATE,4.5,"월, 화, 수, 목, 금","오전, 오후, 저녁"
1439,한민주,32,여성,베트남어,ADVANCED,4.1,"월, 화, 수",오전
1440,홍서연,23,여성,"한국어, 중국어, 베트남어",BEGINNER,3.1,"토, 일","오전, 저녁"
1441,정서연,38,여성,"한국어, 중국어, 베트남어",BEGINNER,4.8,"화, 수, 목",오후
1442,장민지,41,여성,"한국어, 베트남어",ADVANCED,3.2,"수, 목, 금",저녁
1443,정예림,27,여성,"한국어, 중국어",ADVANCED,2.8,"화, 목",저녁
1444,홍준영,32,남성,"중국어, 베트남어",INTERMEDIATE,3.2,"토, 일","오전, 저녁"
1445,홍민서,39,여성,"한국어, 중국어",ADVANCED,3.9,"토, 일","오전, 오후, 저녁"
1446,한예은,29,여성,베트남어,ADVANCED,4.4,"토, 일","오후, 저녁"
1447,서수민,26,여성,"한국어, 중국어",ADVANCED,3.4,"월, 수, 금","오전, 오후"
1448,권지민,30,여성,"한국어, 중국어, 베트남어",BEGINNER,3.5,"월, 화, 수",오전
1449,최준영,23,남성,"중국어, 베트남어",BEGINNER,2.9,"월, 화, 수",오전
1450,한도현,47,남성,베트남어,ADVANCED,1.5,"화, 수, 목",오후
1451,최서현,22,여성,"한국어, 중국어, 베트남어",BEGINNER,2.6,"목, 금","오전, 오후"
1452,이준영,46,남성,"한국어, 중국어, 베트남어",ADVANCED,4.8,"목, 금","오전, 오후"
1453,서민주,24,여성,"한국어, 중국어, 베트남어",INTERMEDIATE,4.4,"월, 화, 수, 목, 금","오전, 오후, 저녁"
1454,오우진,21,남성,한국어,BEGINNER,4.8,"월, 화, 수",오전
1455,이태현,32,남성,한국어,BEGINNER,1.9,"토, 일","오전, 저녁"
1456,윤수빈,37,여성,한국어,ADVANCED,4,"토, 일","오후, 저녁"
1457,황준서,22,남성,"한국어, 중국어",BEGINNER,2.6,"목, 금","오전, 오후"
1458,윤준영,22,남성,"중국어, 베트남어",BEGINNER,4,"토, 일","오후, 저녁"
1459,송민준,35,남성,"중국어, 베트남어",INTERMEDIATE,4.8,"토, 일","오전, 오후, 저녁"
1460,임현우,25,남성,"한국어, 중국어, 베트남어",INTERMEDIATE,1.7,"토, 일","오전, 저녁"
1461,전태현,37,남성,"한국어, 중국어, 베트남어",BEGINNER,3.5,"목, 금","오전, 오후"
1462,안준서,28,남성,"중국어, 베트남어",BEGINNER,4.4,"수, 목, 금",저녁
1463,최수연,35,여성,"중국어, 베트남어",ADVANCED,4.7,"목, 금","오전, 오후"
1464,송수진,21,여성,"한국어, 중국어",BEGINNER,1.2,"화, 목",저녁
1465,서지현,31,여성,"한국어, 베트남어",BEGINNER,3.3,"수, 목, 금",저녁
1466,임서현,28,여성,"한국어, 중국어, 베트남어",INTERMEDIATE,1.5,"토, 일","오전, 오후, 저녁"
1467,박서준,20,남성,"한국어, 베트남어",BEGINNER,3.2,"토, 일","오전, 저녁"
1468,이서연,49,여성,"중국어, 베트남어",INTERMEDIATE,4.9,"목, 금","오전, 오후"
1469,김민지,26,여성,"한국어, 베트남어",INTERMEDIATE,3,"수, 목, 금",저녁
1470,강우진,45,남성,"한국어, 중국어",BEGINNER,3.9,"수, 목, 금",저녁
1471,전민재,25,남성,한국어,INTERMEDIATE,1.8,"목, 금","오전, 오후"
1472,강진우,47,남성,"중국어, 베트남어",ADVANCED,4.1,"월, 화, 수",오전
1473,장도현,38,남성,"한국어, 중국어, 베트남어",BEGINNER,4.7,"토, 일","오전, 저녁"
1474,윤재훈,38,남성,"한국어, 중국어, 베트남어",INTERMEDIATE,2.7,"화, 목",저녁
1475,신민성,36,남성,"한국어, 베트남어",ADVANCED,4.7,"화, 목",저녁
1476,한유진,49,여성,"한국어, 중국어, 베트남어",BEGINNER,4.4,"토, 일","오전, 오후, 저녁"
1477,강유진,39,여성,"한국어, 중국어, 베트남어",ADVANCED,3,"월, 수, 금","오전, 오후"
1478,박태현,21,남성,"중국어, 베트남어",INTERMEDIATE,4.1,"토, 일","오후, 저녁"
1479,조지민,44,여성,"한국어, 중국어",ADVANCED,3,"목, 금","오전, 오후"
1480,임지원,21,여성,"한국어, 중국어",INTERMEDIATE,3.7,"월, 화, 수",오전
1481,서예준,45,남성,"한국어, 중국어, 베트남어",BEGINNER,2.8,"토, 일","오후, 저녁"
1482,안예은,46,여성,"한국어, 중국어, 베트남어",BEGINNER,1.9,"월, 화, 수, 목, 금","오전, 오후, 저녁"
1483,권민준,43,남성,"한국어, 베트남어",INTERMEDIATE,4.7,"화, 수, 목",오후
1484,송현우,43,남성,"한국어, 중국어",BEGINNER,1.4,"화, 수, 목",오후
1485,안지현,29,여성,"중국어, 베트남어",ADVANCED,4.2,"월, 화, 수",오전
1486,전민성,41,남성,"한국어, 중국어",ADVANCED,2.5,"월, 수, 금","오전, 오후"
1487,홍지민,30,여성,"한국어, 중국어, 베트남어",BEGINNER,4.6,"월, 화, 수, 목, 금","오전, 오후, 저녁"
1488,조지민,25,여성,"한국어, 베트남어",INTERMEDIATE,4,"월, 화, 수, 목, 금","오전, 오후, 저녁"
1489,윤수연,22,여성,"한국어, 중국어",ADVANCED,4.6,"토, 일","오후, 저녁"
1490,최민재,34,남성,한국어,ADVANCED,4.4,"토, 일","오전, 저녁"
1491,신수진,31,여성,"중국어, 베트남어",INTERMEDIATE,3.1,"월, 화, 수",오전
1492,정수빈,36,여성,중국어,BEGINNER,4.8,"화, 수, 목",오후
1493,강민성,25,남성,"중국어, 베트남어",BEGINNER,2.8,"월, 화, 수, 목, 금","오전, 오후, 저녁"
1494,안서영,45,여성,"한국어, 중국어, 베트남어",INTERMEDIATE,3.7,"토, 일","오전, 저녁"
1495,장예은,35,여성,"중국어, 베트남어",INTERMEDIATE,3.9,"목, 금","오전, 오후"
1496,송재훈,41,남성,"중국어, 베트남어",INTERMEDIATE,4.1,"월, 화, 수, 목, 금","오전, 오후, 저녁"
1497,강지민,26,여성,중국어,BEGINNER,4.3,"토, 일","오전, 저녁"
1498,서민준,35,남성,중국어,BEGINNER,4.8,"화, 목",저녁
1499,강준서,21,남성,"한국어, 베트남어",BEGINNER,4.1,"월, 화, 수",오전
1500,권준영,30,남성,"한국어, 베트남어",INTERMEDIATE,4.1,"월, 화, 수, 목, 금","오전, 오후, 저녁"
1501,한지원,43,여성,"한국어, 중국어",ADVANCED,3.9,"토, 일","오전, 저녁"
1502,장서영,25,여성,"중국어, 베트남어",INTERMEDIATE,1.7,"토, 일","오전, 오후, 저녁"
1503,서서준,46,남성,"중국어, 베트남어",ADVANCED,4.7,"화, 목",저녁
1504,한지원,23,여성,"한국어, 중국어",BEGINNER,3.4,"화, 수, 목",오후
1505,오수진,24,여성,"중국어, 베트남어",BEGINNER,3.7,"목, 금","오전, 오후"
1506,조민규,46,남성,"한국어, 중국어, 베트남어",BEGINNER,4.5,"목, 금","오전, 오후"
1507,강민성,42,남성,"중국어, 베트남어",BEGINNER,2.2,"월, 수, 금","오전, 오후"
1508,송민지,47,여성,베트남어,ADVANCED,4.7,"토, 일","오전, 오후, 저녁"
1509,전준서,44,남성,"한국어, 중국어",ADVANCED,4,"화, 목",저녁
1510,안서준,32,남성,한국어,BEGINNER,3.4,"토, 일","오전, 저녁"
1511,홍예림,29,여성,"한국어, 베트남어",BEGINNER,4,"토, 일","오전, 저녁"
1512,오준영,31,남성,"한국어, 베트남어",ADVANCED,4.6,"화, 수, 목",오후
1513,최민서,23,여성,한국어,BEGINNER,2.7,"토, 일","오전, 저녁"
1514,전수빈,43,여성,"한국어, 중국어, 베트남어",BEGINNER,2.1,"월, 수, 금","오전, 오후"
1515,최준혁,26,남성,"한국어, 베트남어",INTERMEDIATE,3.9,"수, 목, 금",저녁
1516,강지현,21,여성,"중국어, 베트남어",ADVANCED,4.8,"화, 수, 목",오후
1517,임유진,35,여성,"한국어, 베트남어",ADVANCED,3.3,"월, 화, 수",오전
1518,장지원,39,여성,"한국어, 베트남어",BEGINNER,4,"화, 목",저녁
1519,안민규,49,남성,"중국어, 베트남어",ADVANCED,3.8,"월, 화, 수",오전
1520,홍수빈,42,여성,중국어,BEGINNER,4.4,"월, 수, 금","오전, 오후"
1521,송서영,46,여성,"중국어, 베트남어",BEGINNER,3.3,"토, 일","오전, 오후, 저녁"
1522,박민성,40,남성,베트남어,INTERMEDIATE,4.4,"화, 수, 목",오후
1523,최서진,21,남성,중국어,INTERMEDIATE,2.1,"토, 일","오전, 저녁"
1524,한수빈,47,여성,"중국어, 베트남어",ADVANCED,2.5,"화, 수, 목",오후
1525,윤지현,26,여성,"한국어, 중국어, 베트남어",ADVANCED,3.7,"수, 목, 금",저녁
1526,정준서,25,남성,"중국어, 베트남어",BEGINNER,4.4,"월, 수, 금","오전, 오후"
1527,홍민규,43,남성,"한국어, 베트남어",BEGINNER,4.4,"화, 수, 목",오후
1528,윤준서,31,남성,"한국어, 중국어",ADVANCED,4.6,"월, 화, 수, 목, 금","오전, 오후, 저녁"
1529,한예림,44,여성,"한국어, 중국어, 베트남어",BEGINNER,5,"월, 화, 수",오전
1530,전지원,41,여성,"한국어, 베트남어",INTERMEDIATE,4.8,"화, 목",저녁
1531,윤유진,37,여성,"한국어, 중국어, 베트남어",INTERMEDIATE,2.5,"토, 일","오후, 저녁"
1532,신지영,31,여성,베트남어,ADVANCED,3.4,"토, 일","오전, 저녁"
1533,안은지,30,여성,"중국어, 베트남어",ADVANCED,1.9,"월, 화, 수",오전
1534,한민재,42,남성,"중국어, 베트남어",INTERMEDIATE,4.3,"화, 수, 목",오후
1535,오민재,44,남성,한국어,BEGINNER,4.2,"월, 화, 수, 목, 금","오전, 오후, 저녁"
1536,윤지현,46,여성,"한국어, 중국어",ADVANCED,3.9,"목, 금","오전, 오후"
1537,정현우,20,남성,"한국어, 중국어",ADVANCED,4.6,"화, 수, 목",오후
1538,황서준,20,남성,"한국어, 중국어, 베트남어",BEGINNER,3,"월, 화, 수, 목, 금","오전, 오후, 저녁"
1539,송수민,40,여성,"한국어, 중국어, 베트남어",INTERMEDIATE,4.1,"화, 수, 목",오후
1540,송준혁,45,남성,"한국어, 중국어, 베트남어",BEGINNER,1.2,"토, 일","오전, 저녁"
1541,최태현,36,남성,"한국어, 베트남어",BEGINNER,3.9,"토, 일","오전, 오후, 저녁"
1542,김도윤,36,남성,한국어,ADVANCED,5,"월, 수, 금","오전, 오후"
1543,박민재,25,남성,"한국어, 베트남어",INTERMEDIATE,3.7,"토, 일","오후, 저녁"
1544,권민주,30,여성,베트남어,BEGINNER,1.1,"월, 화, 수, 목, 금","오전, 오후, 저녁"
1545,임서현,43,여성,"한국어, 중국어, 베트남어",INTERMEDIATE,3.5,"토, 일","오후, 저녁"
1546,조태현,41,남성,"한국어, 베트남어",ADVANCED,4.9,"토, 일","오후, 저녁"
1547,신유진,22,여성,"한국어, 중국어, 베트남어",INTERMEDIATE,3.6,"화, 목",저녁
1548,홍민지,33,여성,"한국어, 중국어, 베트남어",ADVANCED,3.9,"토, 일","오전, 저녁"
1549,한준서,45,남성,"중국어, 베트남어",INTERMEDIATE,3.2,"월, 화, 수, 목, 금","오전, 오후, 저녁"
1550,김지은,41,여성,"한국어, 중국어, 베트남어",ADVANCED,1.7,"월, 화, 수, 목, 금","오전, 오후, 저녁"
1551,오유진,28,여성,중국어,BEGINNER,4.9,"토, 일","오후, 저녁"
1552,이유진,42,여성,"한국어, 중국어, 베트남어",ADVANCED,4.9,"목, 금","오전, 오후"
1553,황민재,27,남성,"한국어, 중국어, 베트남어",INTERMEDIATE,4.8,"토, 일","오후, 저녁"
1554,서민서,37,여성,"한국어, 베트남어",INTERMEDIATE,4.5,"토, 일","오전, 오후, 저녁"
1555,한지현,38,여성,"중국어, 베트남어",ADVANCED,4.8,"수, 목, 금",저녁
1556,서민서,21,여성,베트남어,BEGINNER,1.7,"월, 화, 수, 목, 금","오전, 오후, 저녁"
1557,한서연,35,여성,"한국어, 중국어",ADVANCED,2.2,"토, 일","오후, 저녁"
1558,권도윤,30,남성,중국어,INTERMEDIATE,4.3,"화, 목",저녁
1559,최지원,25,여성,"한국어, 베트남어",ADVANCED,3.8,"월, 수, 금","오전, 오후"
1560,오승현,40,남성,"한국어, 베트남어",INTERMEDIATE,4.8,"토, 일","오후, 저녁"
1561,신현우,49,남성,한국어,INTERMEDIATE,4.7,"월, 화, 수, 목, 금","오전, 오후, 저녁"
1562,장수빈,23,여성,"한국어, 중국어",ADVANCED,3.7,"화, 목",저녁
1563,신민주,35,여성,"한국어, 중국어",ADVANCED,3.2,"월, 수, 금","오전, 오후"
1564,한서진,28,남성,베트남어,BEGINNER,1.6,"월, 화, 수",오전
1565,서승현,27,남성,베트남어,INTERMEDIATE,3,"수, 목, 금",저녁
1566,장지은,37,여성,"한국어, 중국어",INTERMEDIATE,2.4,"토, 일","오후, 저녁"
1567,조수빈,33,여성,"한국어, 중국어",ADVANCED,3.7,"화, 수, 목",오후
1568,홍지훈,40,남성,"한국어, 중국어, 베트남어",INTERMEDIATE,4.4,"토, 일","오전, 오후, 저녁"
1569,박지훈,42,남성,"한국어, 중국어, 베트남어",INTERMEDIATE,3.8,"화, 목",저녁
1570,서민규,32,남성,"한국어, 중국어",INTERMEDIATE,4.1,"화, 수, 목",오후
1571,서예진,29,여성,"한국어, 중국어, 베트남어",BEGINNER,1.1,"수, 목, 금",저녁
1572,홍지영,34,여성,"한국어, 중국어, 베트남어",BEGINNER,3.1,"월, 수, 금","오전, 오후"
1573,이민주,22,여성,"한국어, 중국어, 베트남어",INTERMEDIATE,2.8,"월, 화, 수",오전
1574,윤지은,23,여성,"한국어, 중국어",BEGINNER,1.8,"화, 목",저녁
1575,오예진,30,여성,"한국어, 베트남어",INTERMEDIATE,2.1,"목, 금","오전, 오후"
1576,강지은,35,여성,"한국어, 베트남어",ADVANCED,3.3,"화, 수, 목",오후
1577,황지민,47,여성,"한국어, 중국어, 베트남어",INTERMEDIATE,4.2,"토, 일","오전, 오후, 저녁"
1578,송지원,20,여성,"한국어, 중국어",INTERMEDIATE,4.3,"화, 목",저녁
1579,오도윤,20,남성,"중국어, 베트남어",BEGINNER,4.5,"수, 목, 금",저녁
1580,권우진,37,남성,"한국어, 중국어",ADVANCED,3.4,"월, 수, 금","오전, 오후"
1581,황지현,43,여성,"한국어, 베트남어",ADVANCED,2.9,"월, 화, 수",오전
1582,홍서준,25,남성,"한국어, 중국어, 베트남어",INTERMEDIATE,4.7,"화, 수, 목",오후
1583,한준혁,49,남성,"한국어, 중국어, 베트남어",INTERMEDIATE,3.6,"목, 금","오전, 오후"
1584,정서준,36,남성,"한국어, 베트남어",ADVANCED,1.6,"월, 화, 수, 목, 금","오전, 오후, 저녁"
1585,오준영,38,남성,"한국어, 베트남어",BEGINNER,4.7,"월, 수, 금","오전, 오후"
1586,김수연,30,여성,"중국어, 베트남어",BEGINNER,1.9,"화, 목",저녁
1587,윤도현,24,남성,중국어,ADVANCED,5,"수, 목, 금",저녁
1588,서수진,23,여성,"한국어, 중국어, 베트남어",BEGINNER,3.4,"토, 일","오전, 저녁"
1589,윤민주,46,여성,"한국어, 중국어, 베트남어",BEGINNER,1.8,"월, 화, 수, 목, 금","오전, 오후, 저녁"
1590,한지영,21,여성,"중국어, 베트남어",ADVANCED,2.5,"월, 화, 수, 목, 금","오전, 오후, 저녁"
1591,조수민,25,여성,"한국어, 중국어",ADVANCED,4.2,"월, 화, 수",오전
1592,서지은,33,여성,"중국어, 베트남어",ADVANCED,2.2,"토, 일","오전, 저녁"
1593,권준혁,26,남성,"한국어, 베트남어",ADVANCED,4.6,"화, 수, 목",오후
1594,신현우,24,남성,"한국어, 베트남어",BEGINNER,3.1,"수, 목, 금",저녁
1595,조준영,35,남성,한국어,INTERMEDIATE,3.5,"화, 수, 목",오후
1596,송서연,35,여성,"중국어, 베트남어",INTERMEDIATE,4.5,"토, 일","오전, 오후, 저녁"
1597,임지훈,35,남성,"한국어, 중국어, 베트남어",BEGINNER,4.6,"토, 일","오후, 저녁"
1598,서서진,20,남성,중국어,INTERMEDIATE,3.1,"토, 일","오전, 오후, 저녁"
1599,강민주,32,여성,"한국어, 중국어",INTERMEDIATE,3.6,"월, 화, 수, 목, 금","오전, 오후, 저녁"
1600,황민재,49,남성,"한국어, 중국어",ADVANCED,2.6,"토, 일","오후, 저녁"
1601,서성민,38,남성,중국어,BEGINNER,4.4,"화, 목",저녁
1602,황현우,48,남성,"한국어, 베트남어",BEGINNER,3.9,"목, 금","오전, 오후"
1603,김준혁,20,남성,"한국어, 중국어, 베트남어",ADVANCED,5,"목, 금","오전, 오후"
1604,안민주,31,여성,"한국어, 중국어",BEGINNER,4.5,"화, 목",저녁
1605,박지영,45,여성,"한국어, 중국어, 베트남어",BEGINNER,4.4,"토, 일","오후, 저녁"
1606,서은지,35,여성,"한국어, 중국어, 베트남어",INTERMEDIATE,2.8,"수, 목, 금",저녁
1607,최지원,44,여성,베트남어,ADVANCED,3.1,"월, 화, 수, 목, 금","오전, 오후, 저녁"
1608,서은지,20,여성,"한국어, 중국어, 베트남어",ADVANCED,1.8,"월, 수, 금","오전, 오후"
1609,박수민,44,여성,"한국어, 중국어",INTERMEDIATE,4.5,"토, 일","오전, 저녁"
1610,정민재,48,남성,"한국어, 중국어, 베트남어",BEGINNER,2,"월, 수, 금","오전, 오후"
1611,윤현우,25,남성,"한국어, 중국어",INTERMEDIATE,2.1,"수, 목, 금",저녁
1612,정현우,24,남성,"한국어, 중국어, 베트남어",ADVANCED,2.9,"수, 목, 금",저녁
1613,서현우,22,남성,"중국어, 베트남어",ADVANCED,3.7,"수, 목, 금",저녁
1614,임재훈,44,남성,한국어,BEGINNER,4.2,"토, 일","오전, 오후, 저녁"
1615,장도윤,29,남성,중국어,INTERMEDIATE,4.9,"토, 일","오전, 오후, 저녁"
1616,홍도윤,39,남성,"중국어, 베트남어",INTERMEDIATE,4.2,"토, 일","오후, 저녁"
1617,한현우,44,남성,"한국어, 중국어",BEGINNER,4.1,"화, 수, 목",오후
1618,신유진,36,여성,"한국어, 베트남어",ADVANCED,4.6,"월, 수, 금","오전, 오후"
1619,안준혁,27,남성,베트남어,ADVANCED,4.2,"목, 금","오전, 오후"
1620,한지원,28,여성,베트남어,ADVANCED,3.2,"목, 금","오전, 오후"
1621,한지훈,46,남성,"한국어, 중국어",INTERMEDIATE,4.7,"토, 일","오후, 저녁"
1622,한준혁,22,남성,"중국어, 베트남어",BEGINNER,4,"월, 화, 수, 목, 금","오전, 오후, 저녁"
1623,조지원,39,여성,"한국어, 중국어, 베트남어",INTERMEDIATE,4.7,"월, 화, 수",오전
1624,박수민,30,여성,"중국어, 베트남어",INTERMEDIATE,4.2,"월, 화, 수, 목, 금","오전, 오후, 저녁"
1625,최민지,44,여성,베트남어,INTERMEDIATE,4.9,"토, 일","오전, 오후, 저녁"
1626,신지현,26,여성,"한국어, 중국어, 베트남어",BEGINNER,1.4,"토, 일","오전, 오후, 저녁"
1627,장수빈,36,여성,베트남어,BEGINNER,3.4,"화, 수, 목",오후
1628,서지민,27,여성,"중국어, 베트남어",BEGINNER,4.4,"토, 일","오전, 오후, 저녁"
1629,윤서연,20,여성,"중국어, 베트남어",ADVANCED,2.2,"화, 수, 목",오후
1630,안도현,37,남성,베트남어,ADVANCED,4.8,"월, 화, 수, 목, 금","오전, 오후, 저녁"
1631,박우진,40,남성,"중국어, 베트남어",INTERMEDIATE,2.8,"토, 일","오전, 저녁"
1632,서서현,47,여성,"한국어, 베트남어",ADVANCED,3,"월, 수, 금","오전, 오후"
1633,송지민,48,여성,"한국어, 베트남어",INTERMEDIATE,3.7,"월, 화, 수",오전
1634,안도현,49,남성,"한국어, 베트남어",ADVANCED,3.1,"수, 목, 금",저녁
1635,이서영,46,여성,"중국어, 베트남어",INTERMEDIATE,4.4,"월, 화, 수",오전
1636,황서영,34,여성,"한국어, 베트남어",INTERMEDIATE,3.4,"월, 화, 수, 목, 금","오전, 오후, 저녁"
1637,임준혁,30,남성,한국어,ADVANCED,2.1,"목, 금","오전, 오후"
1638,장지은,38,여성,"한국어, 베트남어",BEGINNER,4.9,"목, 금","오전, 오후"
1639,강서연,28,여성,"한국어, 베트남어",INTERMEDIATE,1.4,"토, 일","오전, 저녁"
1640,윤은지,31,여성,"한국어, 베트남어",INTERMEDIATE,1.9,"월, 화, 수, 목, 금","오전, 오후, 저녁"
1641,송수연,44,여성,"한국어, 중국어",BEGINNER,3.4,"월, 화, 수",오전
1642,안서현,49,여성,"중국어, 베트남어",INTERMEDIATE,4,"화, 목",저녁
1643,김지민,40,여성,중국어,INTERMEDIATE,3.3,"토, 일","오후, 저녁"
1644,윤지민,22,여성,"한국어, 베트남어",BEGINNER,4.8,"목, 금","오전, 오후"
1645,윤민성,34,남성,"한국어, 중국어, 베트남어",INTERMEDIATE,4.7,"화, 목",저녁
1646,한도윤,40,남성,한국어,INTERMEDIATE,4,"화, 수, 목",오후
1647,황지훈,37,남성,"한국어, 중국어, 베트남어",BEGINNER,1.4,"목, 금","오전, 오후"
1648,안지영,33,여성,"한국어, 중국어, 베트남어",ADVANCED,4.4,"목, 금","오전, 오후"
1649,윤진우,25,남성,"한국어, 베트남어",BEGINNER,2,"토, 일","오전, 저녁"
1650,김수빈,38,여성,"한국어, 베트남어",INTERMEDIATE,4.3,"화, 수, 목",오후
1651,전서영,28,여성,"한국어, 베트남어",BEGINNER,2.1,"목, 금","오전, 오후"
1652,박민성,41,남성,"한국어, 중국어, 베트남어",BEGINNER,3.7,"월, 화, 수, 목, 금","오전, 오후, 저녁"
1653,강우진,34,남성,"중국어, 베트남어",BEGINNER,3.1,"목, 금","오전, 오후"
1654,박서영,39,여성,"한국어, 중국어",BEGINNER,4.5,"토, 일","오전, 저녁"
1655,한수진,42,여성,"한국어, 베트남어",INTERMEDIATE,3.5,"월, 화, 수",오전
1656,권유진,40,여성,"한국어, 베트남어",ADVANCED,2.1,"월, 화, 수",오전
1657,안지원,43,여성,베트남어,INTERMEDIATE,4.6,"토, 일","오후, 저녁"
1658,서민주,30,여성,"한국어, 중국어, 베트남어",INTERMEDIATE,5,"월, 수, 금","오전, 오후"
1659,오현우,25,남성,"한국어, 중국어, 베트남어",ADVANCED,2.5,"토, 일","오후, 저녁"
1660,한은지,24,여성,베트남어,INTERMEDIATE,4.3,"월, 화, 수, 목, 금","오전, 오후, 저녁"
1661,한지은,32,여성,중국어,BEGINNER,2.4,"월, 수, 금","오전, 오후"
1662,박수민,33,여성,"한국어, 중국어, 베트남어",INTERMEDIATE,4,"화, 수, 목",오후
1663,이서현,41,여성,"한국어, 베트남어",BEGINNER,3.1,"토, 일","오전, 저녁"
1664,장성민,20,남성,"한국어, 중국어",BEGINNER,4.6,"토, 일","오후, 저녁"
1665,윤수빈,26,여성,"중국어, 베트남어",BEGINNER,1.2,"토, 일","오전, 저녁"
1666,송민성,21,남성,"중국어, 베트남어",INTERMEDIATE,2.6,"화, 수, 목",오후
1667,이수빈,32,여성,중국어,INTERMEDIATE,2.9,"월, 화, 수, 목, 금","오전, 오후, 저녁"
1668,서민성,36,남성,"중국어, 베트남어",BEGINNER,4.7,"토, 일","오전, 저녁"
1669,권준서,39,남성,"한국어, 베트남어",ADVANCED,1.3,"수, 목, 금",저녁
1670,한수진,45,여성,"중국어, 베트남어",ADVANCED,4.5,"화, 수, 목",오후
1671,임성민,38,남성,"한국어, 중국어",ADVANCED,1.5,"화, 목",저녁
1672,박우진,29,남성,"한국어, 중국어",BEGINNER,3.7,"월, 화, 수",오전
1673,장지민,20,여성,"한국어, 중국어, 베트남어",INTERMEDIATE,1.2,"월, 화, 수, 목, 금","오전, 오후, 저녁"
1674,홍서영,37,여성,"한국어, 중국어",ADVANCED,3.3,"월, 수, 금","오전, 오후"
1675,송성민,38,남성,"중국어, 베트남어",ADVANCED,4.8,"토, 일","오후, 저녁"
1676,이진우,30,남성,중국어,BEGINNER,3.7,"토, 일","오전, 오후, 저녁"
1677,김도현,36,남성,베트남어,INTERMEDIATE,3.3,"수, 목, 금",저녁
1678,권민지,33,여성,베트남어,INTERMEDIATE,2.6,"화, 수, 목",오후
1679,윤도윤,32,남성,중국어,INTERMEDIATE,4.7,"목, 금","오전, 오후"
1680,강민준,24,남성,"중국어, 베트남어",ADVANCED,2.9,"월, 화, 수",오전
1681,강현우,43,남성,"한국어, 중국어",BEGINNER,4.3,"수, 목, 금",저녁
1682,오지은,34,여성,한국어,ADVANCED,3.3,"토, 일","오후, 저녁"
1683,전우진,28,남성,"한국어, 베트남어",ADVANCED,2.8,"수, 목, 금",저녁
1684,박서연,30,여성,"중국어, 베트남어",ADVANCED,4.2,"화, 수, 목",오후
1685,황준영,42,남성,"한국어, 중국어, 베트남어",BEGINNER,2.6,"수, 목, 금",저녁
1686,임수빈,39,여성,베트남어,INTERMEDIATE,4.8,"화, 목",저녁
1687,윤수민,45,여성,"한국어, 베트남어",INTERMEDIATE,4.5,"목, 금","오전, 오후"
1688,한민성,45,남성,"중국어, 베트남어",BEGINNER,4.9,"목, 금","오전, 오후"
1689,박지현,23,여성,"한국어, 중국어, 베트남어",BEGINNER,2.5,"토, 일","오전, 오후, 저녁"
1690,이도윤,33,남성,"한국어, 중국어",INTERMEDIATE,4,"화, 수, 목",오후
1691,박수빈,25,여성,"한국어, 중국어",INTERMEDIATE,4.8,"화, 목",저녁
1692,오지현,39,여성,"한국어, 중국어",ADVANCED,3.5,"화, 목",저녁
1693,서준서,23,남성,"한국어, 중국어",INTERMEDIATE,2.6,"토, 일","오전, 저녁"
1694,송수민,40,여성,"중국어, 베트남어",BEGINNER,4.1,"토, 일","오후, 저녁"
1695,전민성,38,남성,"중국어, 베트남어",INTERMEDIATE,2.5,"토, 일","오전, 저녁"
1696,안서영,32,여성,"한국어, 중국어",ADVANCED,4.8,"목, 금","오전, 오후"
1697,조은지,37,여성,"한국어, 중국어, 베트남어",ADVANCED,4.7,"수, 목, 금",저녁
1698,홍성민,27,남성,"중국어, 베트남어",BEGINNER,3.4,"수, 목, 금",저녁
1699,권지은,46,여성,"중국어, 베트남어",ADVANCED,4.4,"월, 수, 금","오전, 오후"
1700,강서준,41,남성,"한국어, 중국어, 베트남어",INTERMEDIATE,1.1,"월, 수, 금","오전, 오후"
1701,한준혁,21,남성,"중국어, 베트남어",ADVANCED,3.2,"월, 화, 수, 목, 금","오전, 오후, 저녁"
1702,윤예림,22,여성,"중국어, 베트남어",BEGINNER,1.8,"토, 일","오전, 저녁"
1703,오지민,20,여성,한국어,INTERMEDIATE,3.3,"토, 일","오전, 저녁"
1704,오태현,47,남성,베트남어,INTERMEDIATE,3.2,"월, 화, 수",오전
1705,홍민준,23,남성,"한국어, 중국어",INTERMEDIATE,1.6,"토, 일","오후, 저녁"
1706,강준서,48,남성,"한국어, 중국어, 베트남어",BEGINNER,3.1,"목, 금","오전, 오후"
1707,안우진,23,남성,"중국어, 베트남어",INTERMEDIATE,3.2,"화, 수, 목",오후
1708,장민서,41,여성,"한국어, 중국어",BEGINNER,4.2,"토, 일","오전, 오후, 저녁"
1709,이서준,23,남성,"한국어, 중국어",ADVANCED,3.4,"토, 일","오전, 오후, 저녁"
1710,김민주,27,여성,"한국어, 중국어, 베트남어",INTERMEDIATE,2.1,"수, 목, 금",저녁
1711,오서연,40,여성,"한국어, 중국어, 베트남어",ADVANCED,2.3,"월, 화, 수, 목, 금","오전, 오후, 저녁"
1712,장서영,33,여성,한국어,ADVANCED,4.4,"토, 일","오후, 저녁"
1713,서현우,41,남성,"한국어, 중국어, 베트남어",INTERMEDIATE,1,"토, 일","오후, 저녁"
1714,윤민준,37,남성,"중국어, 베트남어",INTERMEDIATE,4.5,"토, 일","오후, 저녁"
1715,최지민,30,여성,"한국어, 베트남어",BEGINNER,3.5,"화, 목",저녁
1716,홍민성,33,남성,"한국어, 베트남어",INTERMEDIATE,4.7,"목, 금","오전, 오후"
1717,신예은,23,여성,"한국어, 중국어, 베트남어",BEGINNER,4.5,"목, 금","오전, 오후"
1718,박민규,40,남성,"한국어, 베트남어",BEGINNER,4.3,"월, 수, 금","오전, 오후"
1719,이은지,48,여성,"중국어, 베트남어",INTERMEDIATE,3.9,"월, 화, 수, 목, 금","오전, 오후, 저녁"
1720,안지영,25,여성,"한국어, 베트남어",BEGINNER,3.3,"토, 일","오전, 저녁"
1721,강서영,35,여성,중국어,ADVANCED,4.1,"월, 수, 금","오전, 오후"
1722,최민주,20,여성,"한국어, 중국어, 베트남어",ADVANCED,3.6,"토, 일","오전, 저녁"
1723,이진우,25,남성,중국어,BEGINNER,2,"토, 일","오후, 저녁"
1724,안예진,42,여성,"한국어, 중국어, 베트남어",INTERMEDIATE,3.4,"월, 화, 수, 목, 금","오전, 오후, 저녁"
1725,장수연,39,여성,"한국어, 베트남어",INTERMEDIATE,3.5,"화, 목",저녁
1726,최지현,34,여성,"한국어, 중국어",ADVANCED,3.7,"토, 일","오전, 저녁"
1727,전민성,21,남성,"한국어, 중국어",INTERMEDIATE,4.3,"토, 일","오전, 오후, 저녁"
1728,안민규,40,남성,베트남어,ADVANCED,2.7,"월, 화, 수",오전
1729,전민준,41,남성,"한국어, 베트남어",BEGINNER,4.1,"화, 수, 목",오후
1730,윤민성,21,남성,"한국어, 중국어, 베트남어",INTERMEDIATE,3.3,"토, 일","오전, 저녁"
1731,한도윤,30,남성,"한국어, 중국어",ADVANCED,3,"월, 화, 수",오전
1732,권수민,49,여성,"한국어, 베트남어",INTERMEDIATE,3.1,"월, 수, 금","오전, 오후"
1733,조지민,36,여성,"한국어, 베트남어",ADVANCED,4.3,"토, 일","오전, 오후, 저녁"
1734,임예은,23,여성,"한국어, 중국어, 베트남어",INTERMEDIATE,3.1,"화, 목",저녁
1735,황지현,46,여성,"중국어, 베트남어",INTERMEDIATE,4.5,"수, 목, 금",저녁
1736,전태현,47,남성,중국어,ADVANCED,4.3,"화, 목",저녁
1737,권서진,36,남성,"한국어, 중국어, 베트남어",INTERMEDIATE,3.7,"토, 일","오전, 오후, 저녁"
1738,김수진,37,여성,"한국어, 중국어, 베트남어",ADVANCED,4.4,"토, 일","오전, 오후, 저녁"
1739,김준서,26,남성,중국어,ADVANCED,3.4,"목, 금","오전, 오후"
1740,서서연,25,여성,"한국어, 베트남어",INTERMEDIATE,4.1,"월, 화, 수, 목, 금","오전, 오후, 저녁"
1741,강준혁,26,남성,"한국어, 베트남어",ADVANCED,3.1,"토, 일","오후, 저녁"
1742,전진우,42,남성,"한국어, 중국어, 베트남어",INTERMEDIATE,5,"수, 목, 금",저녁
1743,윤예준,40,남성,"중국어, 베트남어",BEGINNER,4.1,"월, 화, 수",오전
1744,황민규,27,남성,"한국어, 중국어, 베트남어",ADVANCED,3.7,"월, 수, 금","오전, 오후"
1745,김도윤,24,남성,중국어,ADVANCED,4.7,"목, 금","오전, 오후"
1746,장진우,22,남성,"한국어, 베트남어",ADVANCED,2.9,"토, 일","오전, 오후, 저녁"
1747,송서현,37,여성,중국어,INTERMEDIATE,1.9,"토, 일","오후, 저녁"
1748,홍지현,28,여성,한국어,INTERMEDIATE,3.6,"월, 화, 수",오전
1749,한서진,38,남성,"한국어, 베트남어",BEGINNER,3.7,"수, 목, 금",저녁
1750,오준혁,29,남성,"중국어, 베트남어",ADVANCED,2.9,"토, 일","오후, 저녁"
1751,박성민,36,남성,"한국어, 중국어",BEGINNER,4.7,"수, 목, 금",저녁
1752,정서현,21,여성,"한국어, 중국어, 베트남어",INTERMEDIATE,3.4,"수, 목, 금",저녁
1753,김서현,32,여성,한국어,INTERMEDIATE,3.2,"월, 화, 수, 목, 금","오전, 오후, 저녁"
1754,오수민,31,여성,"중국어, 베트남어",BEGINNER,3.7,"월, 화, 수",오전
1755,황서연,23,여성,"중국어, 베트남어",ADVANCED,3.1,"월, 화, 수, 목, 금","오전, 오후, 저녁"
1756,안민지,49,여성,베트남어,INTERMEDIATE,3.4,"토, 일","오전, 저녁"
1757,안민준,26,남성,한국어,BEGINNER,4.1,"토, 일","오전, 오후, 저녁"
1758,오준영,29,남성,"중국어, 베트남어",ADVANCED,2.5,"월, 수, 금","오전, 오후"
1759,정지영,38,여성,"한국어, 중국어, 베트남어",BEGINNER,4.2,"월, 화, 수",오전
1760,정민성,22,남성,"중국어, 베트남어",INTERMEDIATE,3.2,"토, 일","오후, 저녁"
1761,홍준영,26,남성,"한국어, 중국어",INTERMEDIATE,3.2,"월, 화, 수, 목, 금","오전, 오후, 저녁"
1762,안지영,43,여성,"중국어, 베트남어",INTERMEDIATE,5,"월, 수, 금","오전, 오후"
1763,윤승현,42,남성,베트남어,ADVANCED,4.4,"목, 금","오전, 오후"
1764,박재훈,32,남성,"한국어, 중국어",ADVANCED,1.1,"토, 일","오전, 저녁"
1765,임지민,40,여성,"한국어, 베트남어",INTERMEDIATE,3.4,"목, 금","오전, 오후"
1766,김서준,48,남성,한국어,BEGINNER,4.2,"화, 수, 목",오후
1767,정은지,37,여성,베트남어,INTERMEDIATE,1.7,"월, 화, 수, 목, 금","오전, 오후, 저녁"
1768,서도윤,28,남성,"중국어, 베트남어",BEGINNER,1.5,"토, 일","오전, 오후, 저녁"
1769,서재훈,32,남성,"중국어, 베트남어",BEGINNER,1.8,"월, 화, 수, 목, 금","오전, 오후, 저녁"
1770,이지민,25,여성,"한국어, 베트남어",INTERMEDIATE,1.8,"화, 목",저녁
1771,박서현,43,여성,"한국어, 중국어, 베트남어",ADVANCED,3,"토, 일","오전, 오후, 저녁"
1772,조서연,46,여성,"한국어, 중국어",ADVANCED,3.2,"월, 수, 금","오전, 오후"
1773,정민지,43,여성,중국어,BEGINNER,4.1,"토, 일","오전, 오후, 저녁"
1774,오지민,23,여성,"한국어, 중국어",INTERMEDIATE,4.7,"월, 화, 수",오전
1775,권수진,32,여성,"한국어, 베트남어",INTERMEDIATE,3.1,"목, 금","오전, 오후"
1776,전서진,48,남성,한국어,BEGINNER,3.2,"월, 수, 금","오전, 오후"
1777,정민성,20,남성,"중국어, 베트남어",ADVANCED,4.8,"토, 일","오전, 저녁"
1778,김민규,20,남성,"한국어, 중국어",INTERMEDIATE,3.8,"화, 수, 목",오후
1779,정성민,28,남성,중국어,BEGINNER,3.6,"수, 목, 금",저녁
1780,전서연,33,여성,"한국어, 중국어, 베트남어",BEGINNER,3.8,"화, 목",저녁
1781,임수민,26,여성,베트남어,BEGINNER,2.8,"월, 화, 수, 목, 금","오전, 오후, 저녁"
1782,이서현,21,여성,"한국어, 베트남어",ADVANCED,3.3,"목, 금","오전, 오후"
1783,조지은,25,여성,"한국어, 중국어, 베트남어",BEGINNER,3.3,"화, 목",저녁
1784,오지훈,21,남성,"한국어, 베트남어",ADVANCED,3.7,"수, 목, 금",저녁
1785,한준서,41,남성,"한국어, 중국어, 베트남어",BEGINNER,4.4,"토, 일","오전, 오후, 저녁"
1786,박재훈,36,남성,"한국어, 중국어, 베트남어",ADVANCED,4.6,"토, 일","오전, 저녁"
1787,임승현,41,남성,중국어,ADVANCED,2.4,"토, 일","오전, 저녁"
1788,홍민규,40,남성,"중국어, 베트남어",INTERMEDIATE,4.6,"토, 일","오후, 저녁"
1789,윤준혁,32,남성,"한국어, 중국어, 베트남어",INTERMEDIATE,2,"토, 일","오전, 저녁"
1790,신민재,24,남성,"한국어, 베트남어",INTERMEDIATE,3.1,"토, 일","오전, 저녁"
1791,최수빈,23,여성,"한국어, 중국어, 베트남어",BEGINNER,3.6,"토, 일","오후, 저녁"
1792,조지은,22,여성,"한국어, 중국어",ADVANCED,4.7,"목, 금","오전, 오후"
1793,권지은,28,여성,"한국어, 중국어, 베트남어",INTERMEDIATE,3.1,"월, 화, 수",오전
1794,임서영,25,여성,"한국어, 중국어",ADVANCED,2.4,"토, 일","오후, 저녁"
1795,장수민,43,여성,"한국어, 베트남어",ADVANCED,3.6,"화, 목",저녁
1796,강도윤,44,남성,"중국어, 베트남어",INTERMEDIATE,3.2,"목, 금","오전, 오후"
1797,장지영,41,여성,중국어,INTERMEDIATE,1.5,"수, 목, 금",저녁
1798,한현우,28,남성,"중국어, 베트남어",BEGINNER,4.8,"목, 금","오전, 오후"
1799,전지민,22,여성,"중국어, 베트남어",ADVANCED,2.2,"월, 수, 금","오전, 오후"
1800,서수빈,42,여성,"한국어, 중국어",ADVANCED,2.3,"토, 일","오전, 오후, 저녁"
1801,전도현,36,남성,"중국어, 베트남어",ADVANCED,1.5,"월, 화, 수",오전
1802,송서준,24,남성,베트남어,ADVANCED,1.8,"월, 화, 수, 목, 금","오전, 오후, 저녁"
1803,서수연,27,여성,한국어,BEGINNER,2.4,"목, 금","오전, 오후"
1804,오민재,49,남성,"한국어, 중국어, 베트남어",ADVANCED,3.7,"화, 수, 목",오후
1805,윤예은,41,여성,"중국어, 베트남어",ADVANCED,4.5,"월, 화, 수, 목, 금","오전, 오후, 저녁"
1806,홍지은,26,여성,"한국어, 중국어, 베트남어",ADVANCED,4.9,"수, 목, 금",저녁
1807,황지원,21,여성,"한국어, 중국어, 베트남어",ADVANCED,4.2,"월, 화, 수, 목, 금","오전, 오후, 저녁"
1808,황승현,25,남성,"한국어, 중국어",ADVANCED,4.2,"월, 화, 수",오전
1809,홍민주,48,여성,"한국어, 베트남어",INTERMEDIATE,2.7,"월, 화, 수, 목, 금","오전, 오후, 저녁"
1810,서수민,32,여성,한국어,BEGINNER,3.3,"토, 일","오전, 저녁"
1811,송지훈,24,남성,"한국어, 베트남어",BEGINNER,4.7,"화, 목",저녁
1812,한수빈,31,여성,"한국어, 중국어, 베트남어",ADVANCED,3.6,"화, 목",저녁
1813,임준영,30,남성,중국어,BEGINNER,3.3,"월, 수, 금","오전, 오후"
1814,장민성,44,남성,"한국어, 베트남어",ADVANCED,4.9,"목, 금","오전, 오후"
1815,장민규,44,남성,"한국어, 중국어",BEGINNER,4,"화, 수, 목",오후
1816,정서현,35,여성,"중국어, 베트남어",ADVANCED,4.6,"화, 목",저녁
1817,홍민재,31,남성,"한국어, 중국어, 베트남어",BEGINNER,3.3,"화, 목",저녁
1818,박서준,30,남성,"한국어, 베트남어",BEGINNER,4.4,"월, 화, 수, 목, 금","오전, 오후, 저녁"
1819,김민규,37,남성,"한국어, 중국어, 베트남어",BEGINNER,3.2,"수, 목, 금",저녁
1820,윤우진,41,남성,베트남어,INTERMEDIATE,4.7,"토, 일","오전, 오후, 저녁"
1821,권민준,38,남성,"한국어, 베트남어",BEGINNER,4.3,"토, 일","오전, 오후, 저녁"
1822,박지원,33,여성,"중국어, 베트남어",ADVANCED,4.8,"수, 목, 금",저녁
1823,신예은,47,여성,"중국어, 베트남어",ADVANCED,4,"월, 화, 수",오전
1824,박예준,45,남성,"한국어, 중국어, 베트남어",BEGINNER,2.2,"토, 일","오전, 오후, 저녁"
1825,한예림,35,여성,"한국어, 베트남어",BEGINNER,3.9,"수, 목, 금",저녁
1826,전재훈,47,남성,중국어,INTERMEDIATE,4.2,"목, 금","오전, 오후"
1827,김지훈,47,남성,"한국어, 중국어",INTERMEDIATE,3.9,"화, 목",저녁
1828,홍민성,21,남성,"중국어, 베트남어",INTERMEDIATE,3,"화, 수, 목",오후
1829,한수진,23,여성,"한국어, 중국어, 베트남어",INTERMEDIATE,3.9,"목, 금","오전, 오후"
1830,한수진,33,여성,"한국어, 중국어, 베트남어",ADVANCED,3.7,"토, 일","오전, 저녁"
1831,신민서,43,여성,"한국어, 베트남어",ADVANCED,2.1,"토, 일","오후, 저녁"
1832,정수연,48,여성,한국어,ADVANCED,3.6,"목, 금","오전, 오후"
1833,서민서,34,여성,"한국어, 베트남어",ADVANCED,4.8,"월, 수, 금","오전, 오후"
1834,한민지,33,여성,한국어,ADVANCED,4.8,"월, 화, 수",오전
1835,홍지민,21,여성,"한국어, 중국어, 베트남어",INTERMEDIATE,4.4,"화, 목",저녁
1836,조수진,22,여성,"한국어, 베트남어",BEGINNER,4.7,"토, 일","오후, 저녁"
1837,최서영,48,여성,"한국어, 중국어, 베트남어",BEGINNER,4.8,"화, 수, 목",오후
1838,강도윤,26,남성,베트남어,BEGINNER,2.9,"화, 목",저녁
1839,오도윤,35,남성,"한국어, 중국어",INTERMEDIATE,2.1,"화, 수, 목",오후
1840,권도현,42,남성,"한국어, 중국어",INTERMEDIATE,4.9,"화, 목",저녁
1841,윤도윤,41,남성,"한국어, 베트남어",INTERMEDIATE,1.6,"화, 목",저녁
1842,윤지훈,38,남성,"한국어, 중국어, 베트남어",ADVANCED,4,"토, 일","오전, 오후, 저녁"
1843,홍지민,38,여성,"한국어, 중국어, 베트남어",ADVANCED,3.3,"토, 일","오전, 오후, 저녁"
1844,조예림,29,여성,"중국어, 베트남어",BEGINNER,4.7,"토, 일","오전, 저녁"
1845,권지현,21,여성,베트남어,INTERMEDIATE,2.6,"화, 수, 목",오후
1846,최예은,30,여성,"한국어, 중국어, 베트남어",BEGINNER,1.3,"토, 일","오전, 오후, 저녁"
1847,임수진,35,여성,"한국어, 중국어",ADVANCED,3.8,"월, 수, 금","오전, 오후"
1848,황민지,39,여성,"한국어, 중국어, 베트남어",ADVANCED,1.6,"토, 일","오전, 오후, 저녁"
1849,홍지영,25,여성,"중국어, 베트남어",ADVANCED,1.5,"화, 목",저녁
1850,황민성,38,남성,"한국어, 베트남어",BEGINNER,1,"월, 화, 수, 목, 금","오전, 오후, 저녁"
1851,최민성,49,남성,"한국어, 중국어, 베트남어",BEGINNER,2.4,"화, 수, 목",오후
1852,박지원,22,여성,"중국어, 베트남어",INTERMEDIATE,3.8,"토, 일","오후, 저녁"
1853,권준혁,24,남성,베트남어,BEGINNER,1.1,"월, 화, 수, 목, 금","오전, 오후, 저녁"
1854,권민서,29,여성,"한국어, 베트남어",INTERMEDIATE,2,"토, 일","오전, 오후, 저녁"
1855,최성민,49,남성,"한국어, 중국어",ADVANCED,2.5,"화, 목",저녁
1856,김서현,36,여성,베트남어,BEGINNER,3.5,"목, 금","오전, 오후"
1857,신수진,37,여성,베트남어,INTERMEDIATE,2.8,"월, 화, 수",오전
1858,정수민,25,여성,"중국어, 베트남어",BEGINNER,4.1,"목, 금","오전, 오후"
1859,송준혁,39,남성,"한국어, 중국어, 베트남어",ADVANCED,2.2,"토, 일","오전, 오후, 저녁"
1860,강수빈,21,여성,한국어,BEGINNER,3.7,"화, 수, 목",오후
1861,박서준,24,남성,"한국어, 베트남어",BEGINNER,4,"토, 일","오후, 저녁"
1862,김준영,27,남성,"한국어, 베트남어",INTERMEDIATE,3,"월, 화, 수",오전
1863,전우진,27,남성,"중국어, 베트남어",ADVANCED,2.6,"수, 목, 금",저녁
1864,박도현,48,남성,"한국어, 베트남어",INTERMEDIATE,4.3,"목, 금","오전, 오후"
1865,최성민,43,남성,"한국어, 베트남어",INTERMEDIATE,2.3,"월, 화, 수",오전
1866,이민성,26,남성,"한국어, 베트남어",BEGINNER,4.4,"토, 일","오후, 저녁"
1867,임수빈,35,여성,"한국어, 중국어, 베트남어",INTERMEDIATE,3.5,"화, 목",저녁
1868,한지은,46,여성,"한국어, 중국어, 베트남어",BEGINNER,3.2,"목, 금","오전, 오후"
1869,전예은,29,여성,베트남어,ADVANCED,2,"목, 금","오전, 오후"
1870,조서영,22,여성,"중국어, 베트남어",ADVANCED,1.3,"월, 화, 수, 목, 금","오전, 오후, 저녁"
1871,전진우,25,남성,"한국어, 중국어, 베트남어",ADVANCED,3.1,"월, 화, 수, 목, 금","오전, 오후, 저녁"
1872,임민서,46,여성,"한국어, 중국어, 베트남어",INTERMEDIATE,3.7,"수, 목, 금",저녁
1873,김수진,41,여성,"한국어, 베트남어",ADVANCED,4.7,"월, 수, 금","오전, 오후"
1874,이준혁,23,남성,"한국어, 베트남어",INTERMEDIATE,1.3,"화, 목",저녁
1875,황지민,21,여성,"한국어, 베트남어",ADVANCED,3.7,"수, 목, 금",저녁
1876,홍민주,24,여성,"한국어, 중국어, 베트남어",INTERMEDIATE,1.1,"목, 금","오전, 오후"
1877,권은지,28,여성,"한국어, 중국어",ADVANCED,2,"화, 수, 목",오후
1878,송예준,33,남성,"한국어, 중국어, 베트남어",INTERMEDIATE,3.6,"월, 수, 금","오전, 오후"
1879,조진우,21,남성,"한국어, 중국어, 베트남어",ADVANCED,1.3,"목, 금","오전, 오후"
1880,이진우,41,남성,"한국어, 중국어",BEGINNER,4.5,"토, 일","오전, 저녁"
1881,전예림,46,여성,"한국어, 중국어",BEGINNER,2.4,"화, 수, 목",오후
1882,안태현,35,남성,"한국어, 중국어",BEGINNER,3.3,"월, 화, 수, 목, 금","오전, 오후, 저녁"
1883,강지훈,23,남성,베트남어,INTERMEDIATE,3.1,"월, 화, 수",오전
1884,장민규,25,남성,"한국어, 중국어, 베트남어",ADVANCED,2.2,"토, 일","오전, 오후, 저녁"
1885,이지민,30,여성,중국어,ADVANCED,4.6,"수, 목, 금",저녁
1886,최서영,29,여성,한국어,INTERMEDIATE,2.1,"월, 화, 수",오전
1887,정준서,46,남성,"한국어, 중국어",ADVANCED,2.7,"월, 수, 금","오전, 오후"
1888,송준서,41,남성,"한국어, 베트남어",ADVANCED,1.3,"목, 금","오전, 오후"
1889,박예림,31,여성,"한국어, 중국어",BEGINNER,4.1,"토, 일","오전, 저녁"
1890,이현우,39,남성,"중국어, 베트남어",BEGINNER,4.1,"수, 목, 금",저녁
1891,정수빈,41,여성,"한국어, 중국어",ADVANCED,4.6,"월, 화, 수",오전
1892,강태현,45,남성,한국어,BEGINNER,4.2,"토, 일","오전, 저녁"
1893,권준영,49,남성,"중국어, 베트남어",ADVANCED,1.8,"화, 목",저녁
1894,안서진,45,남성,"중국어, 베트남어",BEGINNER,3.9,"화, 수, 목",오후
1895,오준혁,33,남성,"한국어, 중국어, 베트남어",BEGINNER,3.4,"수, 목, 금",저녁
1896,정수연,37,여성,"중국어, 베트남어",INTERMEDIATE,4.7,"월, 화, 수, 목, 금","오전, 오후, 저녁"
1897,권지은,32,여성,중국어,BEGINNER,4.7,"수, 목, 금",저녁
1898,윤지훈,24,남성,중국어,BEGINNER,3.6,"월, 화, 수, 목, 금","오전, 오후, 저녁"
1899,홍예림,43,여성,"중국어, 베트남어",BEGINNER,2.9,"화, 목",저녁
1900,권준혁,43,남성,"중국어, 베트남어",INTERMEDIATE,4.8,"화, 목",저녁
1901,서민준,38,남성,"한국어, 중국어, 베트남어",ADVANCED,3.5,"월, 화, 수, 목, 금","오전, 오후, 저녁"
1902,강지현,35,여성,"한국어, 중국어",ADVANCED,4.6,"화, 수, 목",오후
1903,한민성,21,남성,"한국어, 중국어, 베트남어",BEGINNER,4.4,"수, 목, 금",저녁
1904,최민성,37,남성,"중국어, 베트남어",BEGINNER,2.5,"월, 화, 수, 목, 금","오전, 오후, 저녁"
1905,홍민성,31,남성,"중국어, 베트남어",INTERMEDIATE,4.2,"화, 수, 목",오후
1906,신지은,49,여성,"한국어, 베트남어",BEGINNER,4.4,"수, 목, 금",저녁
1907,황지원,34,여성,"중국어, 베트남어",INTERMEDIATE,2.1,"월, 수, 금","오전, 오후"
1908,송서준,21,남성,"한국어, 중국어",INTERMEDIATE,3.5,"월, 수, 금","오전, 오후"
1909,안은지,20,여성,"한국어, 중국어, 베트남어",ADVANCED,3.2,"월, 수, 금","오전, 오후"
1910,신수연,37,여성,"한국어, 베트남어",INTERMEDIATE,4.9,"토, 일","오전, 저녁"
1911,임재훈,21,남성,"한국어, 중국어",INTERMEDIATE,3.5,"화, 목",저녁
1912,오민재,31,남성,"한국어, 중국어, 베트남어",INTERMEDIATE,5,"화, 목",저녁
1913,강진우,40,남성,"한국어, 베트남어",INTERMEDIATE,3.1,"월, 수, 금","오전, 오후"
1914,윤민준,31,남성,"한국어, 베트남어",INTERMEDIATE,4.7,"월, 화, 수",오전
1915,김서준,37,남성,"한국어, 중국어",BEGINNER,4.1,"월, 화, 수",오전
1916,조준서,25,남성,"한국어, 중국어, 베트남어",ADVANCED,2.6,"목, 금","오전, 오후"
1917,서예은,22,여성,"한국어, 중국어",BEGINNER,3.5,"목, 금","오전, 오후"
1918,정도윤,27,남성,"한국어, 베트남어",INTERMEDIATE,4.8,"월, 수, 금","오전, 오후"
1919,신민주,33,여성,"한국어, 베트남어",BEGINNER,3.6,"토, 일","오후, 저녁"
1920,서수민,42,여성,"한국어, 베트남어",INTERMEDIATE,4.1,"수, 목, 금",저녁
1921,송민재,36,남성,"한국어, 베트남어",BEGINNER,4.5,"목, 금","오전, 오후"
1922,서지훈,28,남성,"한국어, 중국어",BEGINNER,2.4,"수, 목, 금",저녁
1923,강민지,47,여성,"한국어, 중국어",BEGINNER,4.4,"토, 일","오후, 저녁"
1924,임현우,23,남성,베트남어,INTERMEDIATE,2.5,"월, 화, 수",오전
1925,홍민지,48,여성,"한국어, 중국어, 베트남어",INTERMEDIATE,4.9,"토, 일","오전, 저녁"
1926,임서준,22,남성,"한국어, 베트남어",BEGINNER,2.5,"월, 화, 수",오전
1927,이서연,39,여성,"한국어, 중국어",INTERMEDIATE,4.6,"토, 일","오후, 저녁"
1928,안도현,28,남성,"한국어, 중국어, 베트남어",INTERMEDIATE,2.7,"목, 금","오전, 오후"
1929,정준영,36,남성,"한국어, 중국어",BEGINNER,3.9,"화, 수, 목",오후
1930,최민서,43,여성,"한국어, 중국어",ADVANCED,4,"화, 목",저녁
1931,홍준혁,32,남성,"한국어, 베트남어",ADVANCED,1.1,"토, 일","오전, 오후, 저녁"
1932,송예진,31,여성,"한국어, 중국어, 베트남어",INTERMEDIATE,5,"토, 일","오전, 저녁"
1933,정서영,37,여성,"한국어, 중국어, 베트남어",ADVANCED,4.9,"토, 일","오전, 오후, 저녁"
1934,박서진,28,남성,"중국어, 베트남어",INTERMEDIATE,4.7,"화, 목",저녁
1935,황수민,33,여성,"한국어, 중국어",ADVANCED,4.5,"화, 수, 목",오후
1936,강도윤,34,남성,"한국어, 중국어, 베트남어",ADVANCED,2.3,"목, 금","오전, 오후"
1937,임예준,33,남성,"한국어, 베트남어",INTERMEDIATE,4.6,"화, 수, 목",오후
1938,윤민주,32,여성,"중국어, 베트남어",INTERMEDIATE,4.8,"월, 수, 금","오전, 오후"
1939,오서준,36,남성,한국어,INTERMEDIATE,4.7,"화, 수, 목",오후
1940,권도윤,29,남성,"한국어, 중국어",ADVANCED,1.3,"월, 수, 금","오전, 오후"
1941,김준영,49,남성,중국어,BEGINNER,4.3,"월, 화, 수",오전
1942,송태현,30,남성,"한국어, 중국어, 베트남어",INTERMEDIATE,2.7,"토, 일","오후, 저녁"
1943,박민규,42,남성,"한국어, 중국어, 베트남어",BEGINNER,2.2,"월, 수, 금","오전, 오후"
1944,송민규,33,남성,"한국어, 중국어, 베트남어",INTERMEDIATE,4.2,"화, 목",저녁
1945,서도윤,34,남성,베트남어,INTERMEDIATE,4.6,"토, 일","오후, 저녁"
1946,한민재,49,남성,"한국어, 베트남어",BEGINNER,2.2,"화, 수, 목",오후
1947,한민규,33,남성,"중국어, 베트남어",ADVANCED,3.3,"월, 수, 금","오전, 오후"
1948,송지영,22,여성,"중국어, 베트남어",ADVANCED,2.5,"토, 일","오전, 저녁"
1949,최승현,21,남성,한국어,BEGINNER,4.1,"화, 수, 목",오후
1950,송예은,41,여성,"한국어, 중국어, 베트남어",BEGINNER,1.1,"수, 목, 금",저녁
1951,한태현,33,남성,"한국어, 중국어, 베트남어",INTERMEDIATE,3.7,"토, 일","오전, 오후, 저녁"
1952,김준서,36,남성,"한국어, 중국어",ADVANCED,4.8,"화, 목",저녁
1953,오예준,43,남성,"한국어, 중국어, 베트남어",INTERMEDIATE,4,"토, 일","오후, 저녁"
1954,최예준,38,남성,"한국어, 중국어",INTERMEDIATE,2.4,"토, 일","오전, 저녁"
1955,조유진,26,여성,"중국어, 베트남어",ADVANCED,3.6,"화, 수, 목",오후
1956,홍수빈,27,여성,"한국어, 베트남어",INTERMEDIATE,2.7,"토, 일","오전, 저녁"
1957,김민서,21,여성,"한국어, 베트남어",BEGINNER,4.5,"월, 수, 금","오전, 오후"
1958,조지현,34,여성,"한국어, 베트남어",ADVANCED,3.8,"월, 화, 수, 목, 금","오전, 오후, 저녁"
1959,강민성,20,남성,베트남어,BEGINNER,3.1,"목, 금","오전, 오후"
1960,서서준,33,남성,"중국어, 베트남어",BEGINNER,3.4,"월, 화, 수",오전
1961,윤예림,22,여성,"중국어, 베트남어",INTERMEDIATE,2.7,"월, 화, 수",오전
1962,임수민,49,여성,베트남어,BEGINNER,4.7,"목, 금","오전, 오후"
1963,이지원,34,여성,베트남어,INTERMEDIATE,4.7,"월, 수, 금","오전, 오후"
1964,송민준,28,남성,한국어,BEGINNER,2.2,"월, 화, 수, 목, 금","오전, 오후, 저녁"
1965,오준영,37,남성,"한국어, 중국어",ADVANCED,2,"목, 금","오전, 오후"
1966,이우진,38,남성,"한국어, 중국어, 베트남어",INTERMEDIATE,2.9,"월, 화, 수",오전
1967,오예진,21,여성,한국어,BEGINNER,2.9,"토, 일","오전, 저녁"
1968,이수민,27,여성,"중국어, 베트남어",INTERMEDIATE,2.2,"토, 일","오후, 저녁"
1969,임민재,21,남성,"한국어, 베트남어",ADVANCED,2.2,"토, 일","오전, 저녁"
1970,송유진,37,여성,"한국어, 중국어, 베트남어",INTERMEDIATE,2.7,"목, 금","오전, 오후"
1971,정준서,22,남성,"한국어, 베트남어",BEGINNER,4.6,"토, 일","오전, 저녁"
1972,박수진,24,여성,중국어,INTERMEDIATE,2.3,"월, 화, 수",오전
1973,황서영,21,여성,"한국어, 중국어",BEGINNER,4.3,"토, 일","오후, 저녁"
1974,오민준,20,남성,"한국어, 중국어",BEGINNER,4.7,"토, 일","오전, 저녁"
1975,강예진,32,여성,"한국어, 베트남어",BEGINNER,1.1,"월, 화, 수, 목, 금","오전, 오후, 저녁"
1976,홍지영,38,여성,"중국어, 베트남어",ADVANCED,3.7,"목, 금","오전, 오후"
1977,전수민,46,여성,"한국어, 중국어",ADVANCED,4.3,"화, 수, 목",오후
1978,전진우,25,남성,베트남어,BEGINNER,2.1,"토, 일","오전, 저녁"
1979,장지은,43,여성,"한국어, 중국어",BEGINNER,4.8,"월, 화, 수",오전
1980,윤성민,46,남성,"한국어, 중국어",ADVANCED,4.3,"화, 목",저녁
1981,임준영,34,남성,"한국어, 중국어",BEGINNER,4.8,"화, 수, 목",오후
1982,장은지,23,여성,"중국어, 베트남어",ADVANCED,4.5,"목, 금","오전, 오후"
1983,황민서,26,여성,"한국어, 중국어, 베트남어",ADVANCED,4.7,"화, 수, 목",오후
1984,김지영,23,여성,한국어,BEGINNER,4.4,"월, 화, 수, 목, 금","오전, 오후, 저녁"
1985,권예은,22,여성,"한국어, 중국어",BEGINNER,3.8,"월, 화, 수, 목, 금","오전, 오후, 저녁"
1986,홍수민,22,여성,"한국어, 중국어, 베트남어",BEGINNER,2.6,"화, 수, 목",오후
1987,서민지,31,여성,중국어,BEGINNER,4,"토, 일","오후, 저녁"
1988,임지은,49,여성,"한국어, 중국어, 베트남어",BEGINNER,4.8,"화, 수, 목",오후
1989,강민준,28,남성,"한국어, 베트남어",INTERMEDIATE,5,"화, 수, 목",오후
1990,조재훈,31,남성,"한국어, 중국어",ADVANCED,2.5,"화, 수, 목",오후
1991,전지영,25,여성,"한국어, 중국어, 베트남어",ADVANCED,4.6,"목, 금","오전, 오후"
1992,박준혁,27,남성,"중국어, 베트남어",BEGINNER,3.6,"토, 일","오전, 저녁"
1993,장서연,24,여성,"한국어, 베트남어",INTERMEDIATE,3.1,"월, 화, 수",오전
1994,황서진,46,남성,"한국어, 베트남어",BEGINNER,3.1,"월, 수, 금","오전, 오후"
1995,안예림,41,여성,베트남어,BEGINNER,4.9,"월, 수, 금","오전, 오후"
1996,이지현,41,여성,"한국어, 중국어, 베트남어",INTERMEDIATE,2.5,"목, 금","오전, 오후"
1997,최서영,30,여성,"한국어, 중국어",INTERMEDIATE,4.8,"월, 수, 금","오전, 오후"
1998,윤은지,35,여성,"한국어, 중국어, 베트남어",BEGINNER,4.2,"토, 일","오전, 오후, 저녁"
1999,최지원,30,여성,"한국어, 중국어, 베트남어",BEGINNER,4.3,"월, 화, 수",오전
2000,장서연,24,여성,"한국어, 중국어",INTERMEDIATE,3.6,"토, 일","오전, 저녁"
2001,안서연,40,여성,한국어,INTERMEDIATE,1.4,"화, 목",저녁
2002,권지원,31,여성,"한국어, 중국어",BEGINNER,4.5,"화, 수, 목",오후
2003,전수민,37,여성,"한국어, 중국어, 베트남어",INTERMEDIATE,3.2,"화, 목",저녁
2004,송수민,24,여성,"한국어, 중국어",ADVANCED,2.5,"월, 화, 수",오전
2005,최은지,29,여성,"중국어, 베트남어",ADVANCED,4,"월, 화, 수, 목, 금","오전, 오후, 저녁"
2006,오예진,40,여성,한국어,BEGINNER,4.2,"토, 일","오전, 오후, 저녁"
2007,정서연,49,여성,"한국어, 중국어",ADVANCED,4.8,"월, 화, 수, 목, 금","오전, 오후, 저녁"
2008,장태현,31,남성,"한국어, 중국어, 베트남어",BEGINNER,4.7,"월, 화, 수",오전
2009,임서현,36,여성,"한국어, 중국어",INTERMEDIATE,3.9,"토, 일","오전, 저녁"
2010,정도윤,40,남성,"한국어, 중국어, 베트남어",ADVANCED,4.6,"월, 화, 수",오전
2011,안예림,28,여성,베트남어,INTERMEDIATE,4.8,"화, 목",저녁
2012,박준혁,49,남성,"중국어, 베트남어",INTERMEDIATE,4.9,"토, 일","오후, 저녁"
2013,한재훈,21,남성,"한국어, 베트남어",ADVANCED,3.1,"토, 일","오전, 저녁"
2014,최수빈,39,여성,"한국어, 베트남어",ADVANCED,4.2,"수, 목, 금",저녁
2015,조서준,39,남성,"한국어, 베트남어",BEGINNER,2.8,"토, 일","오후, 저녁"
2016,한현우,20,남성,"한국어, 중국어",BEGINNER,4.4,"화, 목",저녁
2017,송지원,36,여성,중국어,INTERMEDIATE,4.3,"월, 화, 수, 목, 금","오전, 오후, 저녁"
2018,오유진,45,여성,한국어,ADVANCED,3.5,"토, 일","오후, 저녁"
2019,최서준,45,남성,"한국어, 중국어, 베트남어",INTERMEDIATE,4.3,"수, 목, 금",저녁
2020,홍진우,29,남성,"한국어, 베트남어",BEGINNER,3,"월, 화, 수, 목, 금","오전, 오후, 저녁"
2021,정우진,20,남성,"한국어, 중국어, 베트남어",ADVANCED,4.6,"화, 목",저녁
2022,최지원,44,여성,"한국어, 베트남어",ADVANCED,2.8,"토, 일","오전, 오후, 저녁"
2023,한도윤,34,남성,"한국어, 중국어",ADVANCED,3.2,"토, 일","오전, 오후, 저녁"
5032,황규혁,26,남성,"한국어, 중국어, 베트남어",BEGINNER,5.0,"월, 화, 수, 목, 금", "오전"
